chunk_id,token_count,text_length,document_id,page,has_embedding
74040f5628748874779838fa7a292b09::chunk_0,31,143,74040f5628748874779838fa7a292b09,1,True
74040f5628748874779838fa7a292b09::chunk_1,62,258,74040f5628748874779838fa7a292b09,2,True
74040f5628748874779838fa7a292b09::chunk_2,62,258,74040f5628748874779838fa7a292b09,3,True
74040f5628748874779838fa7a292b09::chunk_3,35,151,74040f5628748874779838fa7a292b09,4,True
74040f5628748874779838fa7a292b09::chunk_4,36,149,74040f5628748874779838fa7a292b09,5,True
74040f5628748874779838fa7a292b09::chunk_5,90,379,74040f5628748874779838fa7a292b09,6,True
74040f5628748874779838fa7a292b09::chunk_6,40,168,74040f5628748874779838fa7a292b09,7,True
74040f5628748874779838fa7a292b09::chunk_7,40,166,74040f5628748874779838fa7a292b09,8,True
74040f5628748874779838fa7a292b09::chunk_8,149,618,74040f5628748874779838fa7a292b09,9,True
74040f5628748874779838fa7a292b09::chunk_9,125,533,74040f5628748874779838fa7a292b09,10,True
74040f5628748874779838fa7a292b09::chunk_10,35,151,74040f5628748874779838fa7a292b09,11,True
74040f5628748874779838fa7a292b09::chunk_11,38,152,74040f5628748874779838fa7a292b09,12,True
74040f5628748874779838fa7a292b09::chunk_12,210,859,74040f5628748874779838fa7a292b09,13,True
74040f5628748874779838fa7a292b09::chunk_13,29,116,74040f5628748874779838fa7a292b09,14,True
74040f5628748874779838fa7a292b09::chunk_14,183,747,74040f5628748874779838fa7a292b09,15,True
74040f5628748874779838fa7a292b09::chunk_15,62,258,74040f5628748874779838fa7a292b09,16,True
74040f5628748874779838fa7a292b09::chunk_16,42,183,74040f5628748874779838fa7a292b09,17,True
74040f5628748874779838fa7a292b09::chunk_17,131,552,74040f5628748874779838fa7a292b09,18,True
74040f5628748874779838fa7a292b09::chunk_18,75,314,74040f5628748874779838fa7a292b09,19,True
74040f5628748874779838fa7a292b09::chunk_19,82,349,74040f5628748874779838fa7a292b09,20,True
74040f5628748874779838fa7a292b09::chunk_20,55,249,74040f5628748874779838fa7a292b09,21,True
74040f5628748874779838fa7a292b09::chunk_21,98,416,74040f5628748874779838fa7a292b09,22,True
74040f5628748874779838fa7a292b09::chunk_22,42,183,74040f5628748874779838fa7a292b09,23,True
74040f5628748874779838fa7a292b09::chunk_23,71,291,74040f5628748874779838fa7a292b09,24,True
74040f5628748874779838fa7a292b09::chunk_24,195,798,74040f5628748874779838fa7a292b09,25,True
74040f5628748874779838fa7a292b09::chunk_25,26,112,74040f5628748874779838fa7a292b09,26,True
74040f5628748874779838fa7a292b09::chunk_26,126,550,74040f5628748874779838fa7a292b09,27,True
74040f5628748874779838fa7a292b09::chunk_27,131,545,74040f5628748874779838fa7a292b09,28,True
74040f5628748874779838fa7a292b09::chunk_28,131,549,74040f5628748874779838fa7a292b09,29,True
74040f5628748874779838fa7a292b09::chunk_29,177,721,74040f5628748874779838fa7a292b09,30,True
74040f5628748874779838fa7a292b09::chunk_30,174,667,74040f5628748874779838fa7a292b09,31,True
74040f5628748874779838fa7a292b09::chunk_31,31,146,74040f5628748874779838fa7a292b09,32,True
74040f5628748874779838fa7a292b09::chunk_32,23,98,74040f5628748874779838fa7a292b09,33,True
74040f5628748874779838fa7a292b09::chunk_33,116,458,74040f5628748874779838fa7a292b09,34,True
74040f5628748874779838fa7a292b09::chunk_34,45,200,74040f5628748874779838fa7a292b09,35,True
74040f5628748874779838fa7a292b09::chunk_35,143,576,74040f5628748874779838fa7a292b09,36,True
74040f5628748874779838fa7a292b09::chunk_36,63,262,74040f5628748874779838fa7a292b09,37,True
74040f5628748874779838fa7a292b09::chunk_37,62,258,74040f5628748874779838fa7a292b09,38,True
74040f5628748874779838fa7a292b09::chunk_38,30,134,74040f5628748874779838fa7a292b09,39,True
74040f5628748874779838fa7a292b09::chunk_39,193,835,74040f5628748874779838fa7a292b09,40,True
74040f5628748874779838fa7a292b09::chunk_40,110,430,74040f5628748874779838fa7a292b09,41,True
74040f5628748874779838fa7a292b09::chunk_41,30,134,74040f5628748874779838fa7a292b09,42,True
74040f5628748874779838fa7a292b09::chunk_42,67,276,74040f5628748874779838fa7a292b09,43,True
74040f5628748874779838fa7a292b09::chunk_43,128,561,74040f5628748874779838fa7a292b09,44,True
74040f5628748874779838fa7a292b09::chunk_44,167,749,74040f5628748874779838fa7a292b09,45,True
74040f5628748874779838fa7a292b09::chunk_45,127,558,74040f5628748874779838fa7a292b09,46,True
74040f5628748874779838fa7a292b09::chunk_46,151,597,74040f5628748874779838fa7a292b09,47,True
74040f5628748874779838fa7a292b09::chunk_47,104,419,74040f5628748874779838fa7a292b09,48,True
74040f5628748874779838fa7a292b09::chunk_48,159,626,74040f5628748874779838fa7a292b09,49,True
74040f5628748874779838fa7a292b09::chunk_49,98,410,74040f5628748874779838fa7a292b09,50,True
74040f5628748874779838fa7a292b09::chunk_50,62,258,74040f5628748874779838fa7a292b09,51,True
74040f5628748874779838fa7a292b09::chunk_51,41,178,74040f5628748874779838fa7a292b09,52,True
74040f5628748874779838fa7a292b09::chunk_52,80,315,74040f5628748874779838fa7a292b09,53,True
74040f5628748874779838fa7a292b09::chunk_53,104,393,74040f5628748874779838fa7a292b09,54,True
74040f5628748874779838fa7a292b09::chunk_54,41,178,74040f5628748874779838fa7a292b09,55,True
74040f5628748874779838fa7a292b09::chunk_55,80,352,74040f5628748874779838fa7a292b09,56,True
74040f5628748874779838fa7a292b09::chunk_56,41,178,74040f5628748874779838fa7a292b09,57,True
74040f5628748874779838fa7a292b09::chunk_57,71,310,74040f5628748874779838fa7a292b09,58,True
74040f5628748874779838fa7a292b09::chunk_58,41,178,74040f5628748874779838fa7a292b09,59,True
74040f5628748874779838fa7a292b09::chunk_59,92,388,74040f5628748874779838fa7a292b09,60,True
74040f5628748874779838fa7a292b09::chunk_60,41,178,74040f5628748874779838fa7a292b09,61,True
74040f5628748874779838fa7a292b09::chunk_61,37,160,74040f5628748874779838fa7a292b09,62,True
74040f5628748874779838fa7a292b09::chunk_62,62,258,74040f5628748874779838fa7a292b09,63,True
74040f5628748874779838fa7a292b09::chunk_63,47,201,74040f5628748874779838fa7a292b09,64,True
74040f5628748874779838fa7a292b09::chunk_64,116,504,74040f5628748874779838fa7a292b09,65,True
74040f5628748874779838fa7a292b09::chunk_65,120,522,74040f5628748874779838fa7a292b09,66,True
74040f5628748874779838fa7a292b09::chunk_66,100,447,74040f5628748874779838fa7a292b09,67,True
74040f5628748874779838fa7a292b09::chunk_67,17,70,74040f5628748874779838fa7a292b09,68,True
74040f5628748874779838fa7a292b09::chunk_68,47,201,74040f5628748874779838fa7a292b09,69,True
74040f5628748874779838fa7a292b09::chunk_69,226,929,74040f5628748874779838fa7a292b09,70,True
74040f5628748874779838fa7a292b09::chunk_70,144,627,74040f5628748874779838fa7a292b09,71,True
74040f5628748874779838fa7a292b09::chunk_71,92,380,74040f5628748874779838fa7a292b09,72,True
74040f5628748874779838fa7a292b09::chunk_72,47,201,74040f5628748874779838fa7a292b09,73,True
74040f5628748874779838fa7a292b09::chunk_73,131,545,74040f5628748874779838fa7a292b09,74,True
74040f5628748874779838fa7a292b09::chunk_74,22,88,74040f5628748874779838fa7a292b09,75,True
74040f5628748874779838fa7a292b09::chunk_75,47,201,74040f5628748874779838fa7a292b09,76,True
74040f5628748874779838fa7a292b09::chunk_76,187,777,74040f5628748874779838fa7a292b09,77,True
74040f5628748874779838fa7a292b09::chunk_77,24,97,74040f5628748874779838fa7a292b09,78,True
74040f5628748874779838fa7a292b09::chunk_78,62,258,74040f5628748874779838fa7a292b09,79,True
74040f5628748874779838fa7a292b09::chunk_79,35,151,74040f5628748874779838fa7a292b09,80,True
74040f5628748874779838fa7a292b09::chunk_80,63,269,74040f5628748874779838fa7a292b09,81,True
74040f5628748874779838fa7a292b09::chunk_81,172,756,74040f5628748874779838fa7a292b09,82,True
74040f5628748874779838fa7a292b09::chunk_82,197,821,74040f5628748874779838fa7a292b09,83,True
74040f5628748874779838fa7a292b09::chunk_83,127,541,74040f5628748874779838fa7a292b09,84,True
74040f5628748874779838fa7a292b09::chunk_84,105,429,74040f5628748874779838fa7a292b09,85,True
74040f5628748874779838fa7a292b09::chunk_85,124,503,74040f5628748874779838fa7a292b09,86,True
74040f5628748874779838fa7a292b09::chunk_86,142,598,74040f5628748874779838fa7a292b09,87,True
74040f5628748874779838fa7a292b09::chunk_87,113,497,74040f5628748874779838fa7a292b09,88,True
74040f5628748874779838fa7a292b09::chunk_88,118,476,74040f5628748874779838fa7a292b09,89,True
74040f5628748874779838fa7a292b09::chunk_89,94,398,74040f5628748874779838fa7a292b09,90,True
74040f5628748874779838fa7a292b09::chunk_90,35,151,74040f5628748874779838fa7a292b09,91,True
74040f5628748874779838fa7a292b09::chunk_91,200,861,74040f5628748874779838fa7a292b09,92,True
74040f5628748874779838fa7a292b09::chunk_92,123,530,74040f5628748874779838fa7a292b09,93,True
74040f5628748874779838fa7a292b09::chunk_93,35,151,74040f5628748874779838fa7a292b09,94,True
74040f5628748874779838fa7a292b09::chunk_94,42,180,74040f5628748874779838fa7a292b09,95,True
74040f5628748874779838fa7a292b09::chunk_95,96,403,74040f5628748874779838fa7a292b09,96,True
74040f5628748874779838fa7a292b09::chunk_96,35,151,74040f5628748874779838fa7a292b09,97,True
74040f5628748874779838fa7a292b09::chunk_97,30,132,74040f5628748874779838fa7a292b09,98,True
74040f5628748874779838fa7a292b09::chunk_98,30,130,74040f5628748874779838fa7a292b09,99,True
74040f5628748874779838fa7a292b09::chunk_99,30,130,74040f5628748874779838fa7a292b09,100,True
74040f5628748874779838fa7a292b09::chunk_100,29,123,74040f5628748874779838fa7a292b09,101,True
74040f5628748874779838fa7a292b09::chunk_101,30,135,74040f5628748874779838fa7a292b09,102,True
74040f5628748874779838fa7a292b09::chunk_102,34,153,74040f5628748874779838fa7a292b09,103,True
74040f5628748874779838fa7a292b09::chunk_103,62,258,74040f5628748874779838fa7a292b09,104,True
74040f5628748874779838fa7a292b09::chunk_104,60,296,74040f5628748874779838fa7a292b09,105,True
74040f5628748874779838fa7a292b09::chunk_105,176,717,74040f5628748874779838fa7a292b09,106,True
ea73ad6304ed438f7e7d4c59ddd227a1::chunk_0,31,143,ea73ad6304ed438f7e7d4c59ddd227a1,1,True
ea73ad6304ed438f7e7d4c59ddd227a1::chunk_1,11,51,ea73ad6304ed438f7e7d4c59ddd227a1,2,True
ea73ad6304ed438f7e7d4c59ddd227a1::chunk_2,172,747,ea73ad6304ed438f7e7d4c59ddd227a1,3,True
ea73ad6304ed438f7e7d4c59ddd227a1::chunk_3,35,138,ea73ad6304ed438f7e7d4c59ddd227a1,4,True
ea73ad6304ed438f7e7d4c59ddd227a1::chunk_4,42,208,ea73ad6304ed438f7e7d4c59ddd227a1,5,True
ea73ad6304ed438f7e7d4c59ddd227a1::chunk_5,128,554,ea73ad6304ed438f7e7d4c59ddd227a1,6,True
ea73ad6304ed438f7e7d4c59ddd227a1::chunk_6,208,837,ea73ad6304ed438f7e7d4c59ddd227a1,7,True
ea73ad6304ed438f7e7d4c59ddd227a1::chunk_7,23,102,ea73ad6304ed438f7e7d4c59ddd227a1,8,True
ea73ad6304ed438f7e7d4c59ddd227a1::chunk_8,204,781,ea73ad6304ed438f7e7d4c59ddd227a1,9,True
ea73ad6304ed438f7e7d4c59ddd227a1::chunk_9,126,549,ea73ad6304ed438f7e7d4c59ddd227a1,10,True
ea73ad6304ed438f7e7d4c59ddd227a1::chunk_10,60,267,ea73ad6304ed438f7e7d4c59ddd227a1,11,True
ea73ad6304ed438f7e7d4c59ddd227a1::chunk_11,116,488,ea73ad6304ed438f7e7d4c59ddd227a1,12,True
ea73ad6304ed438f7e7d4c59ddd227a1::chunk_12,20,88,ea73ad6304ed438f7e7d4c59ddd227a1,13,True
ea73ad6304ed438f7e7d4c59ddd227a1::chunk_13,82,365,ea73ad6304ed438f7e7d4c59ddd227a1,14,True
ea73ad6304ed438f7e7d4c59ddd227a1::chunk_14,47,213,ea73ad6304ed438f7e7d4c59ddd227a1,15,True
ea73ad6304ed438f7e7d4c59ddd227a1::chunk_15,77,341,ea73ad6304ed438f7e7d4c59ddd227a1,16,True
ea73ad6304ed438f7e7d4c59ddd227a1::chunk_16,87,390,ea73ad6304ed438f7e7d4c59ddd227a1,17,True
ea73ad6304ed438f7e7d4c59ddd227a1::chunk_17,58,247,ea73ad6304ed438f7e7d4c59ddd227a1,18,True
ea73ad6304ed438f7e7d4c59ddd227a1::chunk_18,156,633,ea73ad6304ed438f7e7d4c59ddd227a1,19,True
ea73ad6304ed438f7e7d4c59ddd227a1::chunk_19,53,244,ea73ad6304ed438f7e7d4c59ddd227a1,20,True
ea73ad6304ed438f7e7d4c59ddd227a1::chunk_20,172,711,ea73ad6304ed438f7e7d4c59ddd227a1,21,True
ea73ad6304ed438f7e7d4c59ddd227a1::chunk_21,160,668,ea73ad6304ed438f7e7d4c59ddd227a1,22,True
ea73ad6304ed438f7e7d4c59ddd227a1::chunk_22,81,331,ea73ad6304ed438f7e7d4c59ddd227a1,23,True
ea73ad6304ed438f7e7d4c59ddd227a1::chunk_23,84,359,ea73ad6304ed438f7e7d4c59ddd227a1,24,True
ea73ad6304ed438f7e7d4c59ddd227a1::chunk_24,48,217,ea73ad6304ed438f7e7d4c59ddd227a1,25,True
ea73ad6304ed438f7e7d4c59ddd227a1::chunk_25,31,135,ea73ad6304ed438f7e7d4c59ddd227a1,26,True
ea73ad6304ed438f7e7d4c59ddd227a1::chunk_26,157,675,ea73ad6304ed438f7e7d4c59ddd227a1,27,True
ea73ad6304ed438f7e7d4c59ddd227a1::chunk_27,179,780,ea73ad6304ed438f7e7d4c59ddd227a1,28,True
ea73ad6304ed438f7e7d4c59ddd227a1::chunk_28,167,836,ea73ad6304ed438f7e7d4c59ddd227a1,29,True
ea73ad6304ed438f7e7d4c59ddd227a1::chunk_29,47,211,ea73ad6304ed438f7e7d4c59ddd227a1,30,True
ea73ad6304ed438f7e7d4c59ddd227a1::chunk_30,47,211,ea73ad6304ed438f7e7d4c59ddd227a1,31,True
ea73ad6304ed438f7e7d4c59ddd227a1::chunk_31,165,716,ea73ad6304ed438f7e7d4c59ddd227a1,32,True
ea73ad6304ed438f7e7d4c59ddd227a1::chunk_32,125,526,ea73ad6304ed438f7e7d4c59ddd227a1,33,True
ea73ad6304ed438f7e7d4c59ddd227a1::chunk_33,162,749,ea73ad6304ed438f7e7d4c59ddd227a1,34,True
ea73ad6304ed438f7e7d4c59ddd227a1::chunk_34,128,465,ea73ad6304ed438f7e7d4c59ddd227a1,35,True
ea73ad6304ed438f7e7d4c59ddd227a1::chunk_35,48,221,ea73ad6304ed438f7e7d4c59ddd227a1,36,True
ea73ad6304ed438f7e7d4c59ddd227a1::chunk_36,126,578,ea73ad6304ed438f7e7d4c59ddd227a1,37,True
ea73ad6304ed438f7e7d4c59ddd227a1::chunk_37,138,576,ea73ad6304ed438f7e7d4c59ddd227a1,38,True
ea73ad6304ed438f7e7d4c59ddd227a1::chunk_38,89,375,ea73ad6304ed438f7e7d4c59ddd227a1,39,True
ea73ad6304ed438f7e7d4c59ddd227a1::chunk_39,118,518,ea73ad6304ed438f7e7d4c59ddd227a1,40,True
ea73ad6304ed438f7e7d4c59ddd227a1::chunk_40,168,716,ea73ad6304ed438f7e7d4c59ddd227a1,41,True
ea73ad6304ed438f7e7d4c59ddd227a1::chunk_41,149,711,ea73ad6304ed438f7e7d4c59ddd227a1,42,True
ea73ad6304ed438f7e7d4c59ddd227a1::chunk_42,163,727,ea73ad6304ed438f7e7d4c59ddd227a1,43,True
ea73ad6304ed438f7e7d4c59ddd227a1::chunk_43,26,124,ea73ad6304ed438f7e7d4c59ddd227a1,44,True
ea73ad6304ed438f7e7d4c59ddd227a1::chunk_44,140,679,ea73ad6304ed438f7e7d4c59ddd227a1,45,True
ea73ad6304ed438f7e7d4c59ddd227a1::chunk_45,25,112,ea73ad6304ed438f7e7d4c59ddd227a1,46,True
ea73ad6304ed438f7e7d4c59ddd227a1::chunk_46,123,513,ea73ad6304ed438f7e7d4c59ddd227a1,47,True
ea73ad6304ed438f7e7d4c59ddd227a1::chunk_47,32,165,ea73ad6304ed438f7e7d4c59ddd227a1,48,True
ea73ad6304ed438f7e7d4c59ddd227a1::chunk_48,35,138,ea73ad6304ed438f7e7d4c59ddd227a1,49,True
ea73ad6304ed438f7e7d4c59ddd227a1::chunk_49,28,126,ea73ad6304ed438f7e7d4c59ddd227a1,50,True
ea73ad6304ed438f7e7d4c59ddd227a1::chunk_50,63,191,ea73ad6304ed438f7e7d4c59ddd227a1,51,True
ea73ad6304ed438f7e7d4c59ddd227a1::chunk_51,102,342,ea73ad6304ed438f7e7d4c59ddd227a1,52,True
ea73ad6304ed438f7e7d4c59ddd227a1::chunk_52,85,354,ea73ad6304ed438f7e7d4c59ddd227a1,53,True
ea73ad6304ed438f7e7d4c59ddd227a1::chunk_53,74,316,ea73ad6304ed438f7e7d4c59ddd227a1,54,True
ea73ad6304ed438f7e7d4c59ddd227a1::chunk_54,22,91,ea73ad6304ed438f7e7d4c59ddd227a1,55,True
ea73ad6304ed438f7e7d4c59ddd227a1::chunk_55,146,592,ea73ad6304ed438f7e7d4c59ddd227a1,56,True
ea73ad6304ed438f7e7d4c59ddd227a1::chunk_56,179,830,ea73ad6304ed438f7e7d4c59ddd227a1,57,True
ea73ad6304ed438f7e7d4c59ddd227a1::chunk_57,193,825,ea73ad6304ed438f7e7d4c59ddd227a1,58,True
ea73ad6304ed438f7e7d4c59ddd227a1::chunk_58,148,382,ea73ad6304ed438f7e7d4c59ddd227a1,59,True
ea73ad6304ed438f7e7d4c59ddd227a1::chunk_59,25,116,ea73ad6304ed438f7e7d4c59ddd227a1,60,True
ea73ad6304ed438f7e7d4c59ddd227a1::chunk_60,150,647,ea73ad6304ed438f7e7d4c59ddd227a1,61,True
ea73ad6304ed438f7e7d4c59ddd227a1::chunk_61,132,552,ea73ad6304ed438f7e7d4c59ddd227a1,62,True
ea73ad6304ed438f7e7d4c59ddd227a1::chunk_62,28,131,ea73ad6304ed438f7e7d4c59ddd227a1,63,True
ea73ad6304ed438f7e7d4c59ddd227a1::chunk_63,41,174,ea73ad6304ed438f7e7d4c59ddd227a1,64,True
ea73ad6304ed438f7e7d4c59ddd227a1::chunk_64,106,460,ea73ad6304ed438f7e7d4c59ddd227a1,65,True
ea73ad6304ed438f7e7d4c59ddd227a1::chunk_65,104,452,ea73ad6304ed438f7e7d4c59ddd227a1,66,True
ea73ad6304ed438f7e7d4c59ddd227a1::chunk_66,122,513,ea73ad6304ed438f7e7d4c59ddd227a1,67,True
ea73ad6304ed438f7e7d4c59ddd227a1::chunk_67,31,141,ea73ad6304ed438f7e7d4c59ddd227a1,68,True
ea73ad6304ed438f7e7d4c59ddd227a1::chunk_68,154,741,ea73ad6304ed438f7e7d4c59ddd227a1,69,True
ea73ad6304ed438f7e7d4c59ddd227a1::chunk_69,154,455,ea73ad6304ed438f7e7d4c59ddd227a1,70,True
ea73ad6304ed438f7e7d4c59ddd227a1::chunk_70,76,369,ea73ad6304ed438f7e7d4c59ddd227a1,71,True
ea73ad6304ed438f7e7d4c59ddd227a1::chunk_71,28,130,ea73ad6304ed438f7e7d4c59ddd227a1,72,True
ea73ad6304ed438f7e7d4c59ddd227a1::chunk_72,147,461,ea73ad6304ed438f7e7d4c59ddd227a1,73,True
ea73ad6304ed438f7e7d4c59ddd227a1::chunk_73,19,75,ea73ad6304ed438f7e7d4c59ddd227a1,74,True
ea73ad6304ed438f7e7d4c59ddd227a1::chunk_74,64,229,ea73ad6304ed438f7e7d4c59ddd227a1,75,True
ea73ad6304ed438f7e7d4c59ddd227a1::chunk_75,35,138,ea73ad6304ed438f7e7d4c59ddd227a1,76,True
ea73ad6304ed438f7e7d4c59ddd227a1::chunk_76,38,164,ea73ad6304ed438f7e7d4c59ddd227a1,77,True
ea73ad6304ed438f7e7d4c59ddd227a1::chunk_77,175,755,ea73ad6304ed438f7e7d4c59ddd227a1,78,True
ea73ad6304ed438f7e7d4c59ddd227a1::chunk_78,148,611,ea73ad6304ed438f7e7d4c59ddd227a1,79,True
ea73ad6304ed438f7e7d4c59ddd227a1::chunk_79,174,726,ea73ad6304ed438f7e7d4c59ddd227a1,80,True
ea73ad6304ed438f7e7d4c59ddd227a1::chunk_80,179,748,ea73ad6304ed438f7e7d4c59ddd227a1,81,True
ea73ad6304ed438f7e7d4c59ddd227a1::chunk_81,37,164,ea73ad6304ed438f7e7d4c59ddd227a1,82,True
ea73ad6304ed438f7e7d4c59ddd227a1::chunk_82,177,719,ea73ad6304ed438f7e7d4c59ddd227a1,83,True
ea73ad6304ed438f7e7d4c59ddd227a1::chunk_83,150,609,ea73ad6304ed438f7e7d4c59ddd227a1,84,True
ea73ad6304ed438f7e7d4c59ddd227a1::chunk_84,38,168,ea73ad6304ed438f7e7d4c59ddd227a1,85,True
ea73ad6304ed438f7e7d4c59ddd227a1::chunk_85,94,386,ea73ad6304ed438f7e7d4c59ddd227a1,86,True
ea73ad6304ed438f7e7d4c59ddd227a1::chunk_86,132,544,ea73ad6304ed438f7e7d4c59ddd227a1,87,True
ea73ad6304ed438f7e7d4c59ddd227a1::chunk_87,128,517,ea73ad6304ed438f7e7d4c59ddd227a1,88,True
ea73ad6304ed438f7e7d4c59ddd227a1::chunk_88,126,495,ea73ad6304ed438f7e7d4c59ddd227a1,89,True
ea73ad6304ed438f7e7d4c59ddd227a1::chunk_89,27,113,ea73ad6304ed438f7e7d4c59ddd227a1,90,True
ea73ad6304ed438f7e7d4c59ddd227a1::chunk_90,186,804,ea73ad6304ed438f7e7d4c59ddd227a1,91,True
ea73ad6304ed438f7e7d4c59ddd227a1::chunk_91,28,108,ea73ad6304ed438f7e7d4c59ddd227a1,92,True
ea73ad6304ed438f7e7d4c59ddd227a1::chunk_92,170,734,ea73ad6304ed438f7e7d4c59ddd227a1,93,True
ea73ad6304ed438f7e7d4c59ddd227a1::chunk_93,27,107,ea73ad6304ed438f7e7d4c59ddd227a1,94,True
ea73ad6304ed438f7e7d4c59ddd227a1::chunk_94,38,162,ea73ad6304ed438f7e7d4c59ddd227a1,95,True
ea73ad6304ed438f7e7d4c59ddd227a1::chunk_95,141,591,ea73ad6304ed438f7e7d4c59ddd227a1,96,True
ea73ad6304ed438f7e7d4c59ddd227a1::chunk_96,24,105,ea73ad6304ed438f7e7d4c59ddd227a1,97,True
ea73ad6304ed438f7e7d4c59ddd227a1::chunk_97,35,138,ea73ad6304ed438f7e7d4c59ddd227a1,98,True
ea73ad6304ed438f7e7d4c59ddd227a1::chunk_98,49,224,ea73ad6304ed438f7e7d4c59ddd227a1,99,True
ea73ad6304ed438f7e7d4c59ddd227a1::chunk_99,22,98,ea73ad6304ed438f7e7d4c59ddd227a1,100,True
ea73ad6304ed438f7e7d4c59ddd227a1::chunk_100,22,98,ea73ad6304ed438f7e7d4c59ddd227a1,101,True
ea73ad6304ed438f7e7d4c59ddd227a1::chunk_101,22,98,ea73ad6304ed438f7e7d4c59ddd227a1,102,True
ea73ad6304ed438f7e7d4c59ddd227a1::chunk_102,155,503,ea73ad6304ed438f7e7d4c59ddd227a1,103,True
ea73ad6304ed438f7e7d4c59ddd227a1::chunk_103,26,116,ea73ad6304ed438f7e7d4c59ddd227a1,104,True
ea73ad6304ed438f7e7d4c59ddd227a1::chunk_104,71,270,ea73ad6304ed438f7e7d4c59ddd227a1,105,True
ea73ad6304ed438f7e7d4c59ddd227a1::chunk_105,93,406,ea73ad6304ed438f7e7d4c59ddd227a1,106,True
ea73ad6304ed438f7e7d4c59ddd227a1::chunk_106,159,618,ea73ad6304ed438f7e7d4c59ddd227a1,107,True
ea73ad6304ed438f7e7d4c59ddd227a1::chunk_107,105,467,ea73ad6304ed438f7e7d4c59ddd227a1,108,True
ea73ad6304ed438f7e7d4c59ddd227a1::chunk_108,158,731,ea73ad6304ed438f7e7d4c59ddd227a1,109,True
ea73ad6304ed438f7e7d4c59ddd227a1::chunk_109,91,405,ea73ad6304ed438f7e7d4c59ddd227a1,110,True
ea73ad6304ed438f7e7d4c59ddd227a1::chunk_110,170,748,ea73ad6304ed438f7e7d4c59ddd227a1,111,True
ea73ad6304ed438f7e7d4c59ddd227a1::chunk_111,100,422,ea73ad6304ed438f7e7d4c59ddd227a1,112,True
ea73ad6304ed438f7e7d4c59ddd227a1::chunk_112,59,257,ea73ad6304ed438f7e7d4c59ddd227a1,113,True
ea73ad6304ed438f7e7d4c59ddd227a1::chunk_113,55,252,ea73ad6304ed438f7e7d4c59ddd227a1,114,True
ea73ad6304ed438f7e7d4c59ddd227a1::chunk_114,97,408,ea73ad6304ed438f7e7d4c59ddd227a1,115,True
ea73ad6304ed438f7e7d4c59ddd227a1::chunk_115,60,257,ea73ad6304ed438f7e7d4c59ddd227a1,116,True
ea73ad6304ed438f7e7d4c59ddd227a1::chunk_116,60,257,ea73ad6304ed438f7e7d4c59ddd227a1,117,True
ea73ad6304ed438f7e7d4c59ddd227a1::chunk_117,80,351,ea73ad6304ed438f7e7d4c59ddd227a1,118,True
ea73ad6304ed438f7e7d4c59ddd227a1::chunk_118,45,202,ea73ad6304ed438f7e7d4c59ddd227a1,119,True
ea73ad6304ed438f7e7d4c59ddd227a1::chunk_119,154,674,ea73ad6304ed438f7e7d4c59ddd227a1,120,True
ea73ad6304ed438f7e7d4c59ddd227a1::chunk_120,62,275,ea73ad6304ed438f7e7d4c59ddd227a1,121,True
ea73ad6304ed438f7e7d4c59ddd227a1::chunk_121,156,622,ea73ad6304ed438f7e7d4c59ddd227a1,122,True
ea73ad6304ed438f7e7d4c59ddd227a1::chunk_122,79,327,ea73ad6304ed438f7e7d4c59ddd227a1,123,True
ea73ad6304ed438f7e7d4c59ddd227a1::chunk_123,76,323,ea73ad6304ed438f7e7d4c59ddd227a1,124,True
ea73ad6304ed438f7e7d4c59ddd227a1::chunk_124,117,527,ea73ad6304ed438f7e7d4c59ddd227a1,125,True
ea73ad6304ed438f7e7d4c59ddd227a1::chunk_125,28,119,ea73ad6304ed438f7e7d4c59ddd227a1,126,True
ea73ad6304ed438f7e7d4c59ddd227a1::chunk_126,54,245,ea73ad6304ed438f7e7d4c59ddd227a1,127,True
ea73ad6304ed438f7e7d4c59ddd227a1::chunk_127,27,110,ea73ad6304ed438f7e7d4c59ddd227a1,128,True
ea73ad6304ed438f7e7d4c59ddd227a1::chunk_128,27,108,ea73ad6304ed438f7e7d4c59ddd227a1,129,True
ea73ad6304ed438f7e7d4c59ddd227a1::chunk_129,27,109,ea73ad6304ed438f7e7d4c59ddd227a1,130,True
ea73ad6304ed438f7e7d4c59ddd227a1::chunk_130,28,114,ea73ad6304ed438f7e7d4c59ddd227a1,131,True
ea73ad6304ed438f7e7d4c59ddd227a1::chunk_131,26,106,ea73ad6304ed438f7e7d4c59ddd227a1,132,True
ea73ad6304ed438f7e7d4c59ddd227a1::chunk_132,26,106,ea73ad6304ed438f7e7d4c59ddd227a1,133,True
ea73ad6304ed438f7e7d4c59ddd227a1::chunk_133,40,174,ea73ad6304ed438f7e7d4c59ddd227a1,134,True
ea73ad6304ed438f7e7d4c59ddd227a1::chunk_134,44,182,ea73ad6304ed438f7e7d4c59ddd227a1,135,True
ea73ad6304ed438f7e7d4c59ddd227a1::chunk_135,48,189,ea73ad6304ed438f7e7d4c59ddd227a1,136,True
ea73ad6304ed438f7e7d4c59ddd227a1::chunk_136,53,200,ea73ad6304ed438f7e7d4c59ddd227a1,137,True
ea73ad6304ed438f7e7d4c59ddd227a1::chunk_137,56,205,ea73ad6304ed438f7e7d4c59ddd227a1,138,True
ea73ad6304ed438f7e7d4c59ddd227a1::chunk_138,60,214,ea73ad6304ed438f7e7d4c59ddd227a1,139,True
ea73ad6304ed438f7e7d4c59ddd227a1::chunk_139,64,222,ea73ad6304ed438f7e7d4c59ddd227a1,140,True
ea73ad6304ed438f7e7d4c59ddd227a1::chunk_140,64,222,ea73ad6304ed438f7e7d4c59ddd227a1,141,True
ea73ad6304ed438f7e7d4c59ddd227a1::chunk_141,55,231,ea73ad6304ed438f7e7d4c59ddd227a1,142,True
ea73ad6304ed438f7e7d4c59ddd227a1::chunk_142,119,444,ea73ad6304ed438f7e7d4c59ddd227a1,143,True
ea73ad6304ed438f7e7d4c59ddd227a1::chunk_143,169,788,ea73ad6304ed438f7e7d4c59ddd227a1,144,True
ea73ad6304ed438f7e7d4c59ddd227a1::chunk_144,25,98,ea73ad6304ed438f7e7d4c59ddd227a1,145,True
ea73ad6304ed438f7e7d4c59ddd227a1::chunk_145,25,98,ea73ad6304ed438f7e7d4c59ddd227a1,146,True
ea73ad6304ed438f7e7d4c59ddd227a1::chunk_146,57,256,ea73ad6304ed438f7e7d4c59ddd227a1,147,True
ea73ad6304ed438f7e7d4c59ddd227a1::chunk_147,68,332,ea73ad6304ed438f7e7d4c59ddd227a1,148,True
ea73ad6304ed438f7e7d4c59ddd227a1::chunk_148,135,491,ea73ad6304ed438f7e7d4c59ddd227a1,149,True
ea73ad6304ed438f7e7d4c59ddd227a1::chunk_149,156,550,ea73ad6304ed438f7e7d4c59ddd227a1,150,True
ea73ad6304ed438f7e7d4c59ddd227a1::chunk_150,147,628,ea73ad6304ed438f7e7d4c59ddd227a1,151,True
ea73ad6304ed438f7e7d4c59ddd227a1::chunk_151,113,469,ea73ad6304ed438f7e7d4c59ddd227a1,152,True
ea73ad6304ed438f7e7d4c59ddd227a1::chunk_152,130,573,ea73ad6304ed438f7e7d4c59ddd227a1,153,True
ea73ad6304ed438f7e7d4c59ddd227a1::chunk_153,36,162,ea73ad6304ed438f7e7d4c59ddd227a1,154,True
ea73ad6304ed438f7e7d4c59ddd227a1::chunk_154,57,255,ea73ad6304ed438f7e7d4c59ddd227a1,155,True
ea73ad6304ed438f7e7d4c59ddd227a1::chunk_155,79,353,ea73ad6304ed438f7e7d4c59ddd227a1,156,True
ea73ad6304ed438f7e7d4c59ddd227a1::chunk_156,128,537,ea73ad6304ed438f7e7d4c59ddd227a1,157,True
ea73ad6304ed438f7e7d4c59ddd227a1::chunk_157,128,537,ea73ad6304ed438f7e7d4c59ddd227a1,158,True
ea73ad6304ed438f7e7d4c59ddd227a1::chunk_158,128,537,ea73ad6304ed438f7e7d4c59ddd227a1,159,True
ea73ad6304ed438f7e7d4c59ddd227a1::chunk_159,128,537,ea73ad6304ed438f7e7d4c59ddd227a1,160,True
ea73ad6304ed438f7e7d4c59ddd227a1::chunk_160,128,537,ea73ad6304ed438f7e7d4c59ddd227a1,161,True
ea73ad6304ed438f7e7d4c59ddd227a1::chunk_161,141,567,ea73ad6304ed438f7e7d4c59ddd227a1,162,True
ea73ad6304ed438f7e7d4c59ddd227a1::chunk_162,141,472,ea73ad6304ed438f7e7d4c59ddd227a1,163,True
ea73ad6304ed438f7e7d4c59ddd227a1::chunk_163,91,357,ea73ad6304ed438f7e7d4c59ddd227a1,164,True
ea73ad6304ed438f7e7d4c59ddd227a1::chunk_164,73,300,ea73ad6304ed438f7e7d4c59ddd227a1,165,True
ea73ad6304ed438f7e7d4c59ddd227a1::chunk_165,252,879,ea73ad6304ed438f7e7d4c59ddd227a1,166,True
ea73ad6304ed438f7e7d4c59ddd227a1::chunk_166,33,134,ea73ad6304ed438f7e7d4c59ddd227a1,167,True
ea73ad6304ed438f7e7d4c59ddd227a1::chunk_167,27,115,ea73ad6304ed438f7e7d4c59ddd227a1,168,True
ea73ad6304ed438f7e7d4c59ddd227a1::chunk_168,56,252,ea73ad6304ed438f7e7d4c59ddd227a1,169,True
ea73ad6304ed438f7e7d4c59ddd227a1::chunk_169,127,546,ea73ad6304ed438f7e7d4c59ddd227a1,170,True
ea73ad6304ed438f7e7d4c59ddd227a1::chunk_170,25,104,ea73ad6304ed438f7e7d4c59ddd227a1,171,True
ea73ad6304ed438f7e7d4c59ddd227a1::chunk_171,26,111,ea73ad6304ed438f7e7d4c59ddd227a1,172,True
ea73ad6304ed438f7e7d4c59ddd227a1::chunk_172,25,104,ea73ad6304ed438f7e7d4c59ddd227a1,173,True
ea73ad6304ed438f7e7d4c59ddd227a1::chunk_173,31,134,ea73ad6304ed438f7e7d4c59ddd227a1,174,True
ea73ad6304ed438f7e7d4c59ddd227a1::chunk_174,28,125,ea73ad6304ed438f7e7d4c59ddd227a1,175,True
ea73ad6304ed438f7e7d4c59ddd227a1::chunk_175,35,138,ea73ad6304ed438f7e7d4c59ddd227a1,176,True
ea73ad6304ed438f7e7d4c59ddd227a1::chunk_176,58,226,ea73ad6304ed438f7e7d4c59ddd227a1,179,True
ea73ad6304ed438f7e7d4c59ddd227a1::chunk_177,165,638,ea73ad6304ed438f7e7d4c59ddd227a1,180,True
ea73ad6304ed438f7e7d4c59ddd227a1::chunk_178,113,357,ea73ad6304ed438f7e7d4c59ddd227a1,181,True
ea73ad6304ed438f7e7d4c59ddd227a1::chunk_179,85,234,ea73ad6304ed438f7e7d4c59ddd227a1,182,True
ea73ad6304ed438f7e7d4c59ddd227a1::chunk_180,89,240,ea73ad6304ed438f7e7d4c59ddd227a1,183,True
ea73ad6304ed438f7e7d4c59ddd227a1::chunk_181,101,274,ea73ad6304ed438f7e7d4c59ddd227a1,184,True
ea73ad6304ed438f7e7d4c59ddd227a1::chunk_182,105,280,ea73ad6304ed438f7e7d4c59ddd227a1,185,True
ea73ad6304ed438f7e7d4c59ddd227a1::chunk_183,110,283,ea73ad6304ed438f7e7d4c59ddd227a1,186,True
ea73ad6304ed438f7e7d4c59ddd227a1::chunk_184,122,317,ea73ad6304ed438f7e7d4c59ddd227a1,187,True
ea73ad6304ed438f7e7d4c59ddd227a1::chunk_185,118,295,ea73ad6304ed438f7e7d4c59ddd227a1,188,True
ea73ad6304ed438f7e7d4c59ddd227a1::chunk_186,123,309,ea73ad6304ed438f7e7d4c59ddd227a1,189,True
ea73ad6304ed438f7e7d4c59ddd227a1::chunk_187,85,234,ea73ad6304ed438f7e7d4c59ddd227a1,190,True
ea73ad6304ed438f7e7d4c59ddd227a1::chunk_188,89,240,ea73ad6304ed438f7e7d4c59ddd227a1,191,True
ea73ad6304ed438f7e7d4c59ddd227a1::chunk_189,93,246,ea73ad6304ed438f7e7d4c59ddd227a1,192,True
ea73ad6304ed438f7e7d4c59ddd227a1::chunk_190,105,280,ea73ad6304ed438f7e7d4c59ddd227a1,193,True
ea73ad6304ed438f7e7d4c59ddd227a1::chunk_191,117,314,ea73ad6304ed438f7e7d4c59ddd227a1,194,True
ea73ad6304ed438f7e7d4c59ddd227a1::chunk_192,118,323,ea73ad6304ed438f7e7d4c59ddd227a1,195,True
ea73ad6304ed438f7e7d4c59ddd227a1::chunk_193,65,254,ea73ad6304ed438f7e7d4c59ddd227a1,196,True
ea73ad6304ed438f7e7d4c59ddd227a1::chunk_194,58,226,ea73ad6304ed438f7e7d4c59ddd227a1,197,True
ea73ad6304ed438f7e7d4c59ddd227a1::chunk_195,232,946,ea73ad6304ed438f7e7d4c59ddd227a1,198,True
ea73ad6304ed438f7e7d4c59ddd227a1::chunk_196,55,223,ea73ad6304ed438f7e7d4c59ddd227a1,199,True
ea73ad6304ed438f7e7d4c59ddd227a1::chunk_197,161,587,ea73ad6304ed438f7e7d4c59ddd227a1,200,True
ea73ad6304ed438f7e7d4c59ddd227a1::chunk_198,96,389,ea73ad6304ed438f7e7d4c59ddd227a1,201,True
ea73ad6304ed438f7e7d4c59ddd227a1::chunk_199,113,480,ea73ad6304ed438f7e7d4c59ddd227a1,202,True
ea73ad6304ed438f7e7d4c59ddd227a1::chunk_200,78,274,ea73ad6304ed438f7e7d4c59ddd227a1,203,True
ea73ad6304ed438f7e7d4c59ddd227a1::chunk_201,93,331,ea73ad6304ed438f7e7d4c59ddd227a1,204,True
ea73ad6304ed438f7e7d4c59ddd227a1::chunk_202,112,403,ea73ad6304ed438f7e7d4c59ddd227a1,205,True
ea73ad6304ed438f7e7d4c59ddd227a1::chunk_203,141,515,ea73ad6304ed438f7e7d4c59ddd227a1,206,True
ea73ad6304ed438f7e7d4c59ddd227a1::chunk_204,109,424,ea73ad6304ed438f7e7d4c59ddd227a1,207,True
ea73ad6304ed438f7e7d4c59ddd227a1::chunk_205,57,227,ea73ad6304ed438f7e7d4c59ddd227a1,208,True
ea73ad6304ed438f7e7d4c59ddd227a1::chunk_206,195,804,ea73ad6304ed438f7e7d4c59ddd227a1,209,True
ea73ad6304ed438f7e7d4c59ddd227a1::chunk_207,54,216,ea73ad6304ed438f7e7d4c59ddd227a1,210,True
ea73ad6304ed438f7e7d4c59ddd227a1::chunk_208,56,245,ea73ad6304ed438f7e7d4c59ddd227a1,211,True
ea73ad6304ed438f7e7d4c59ddd227a1::chunk_209,130,576,ea73ad6304ed438f7e7d4c59ddd227a1,212,True
ea73ad6304ed438f7e7d4c59ddd227a1::chunk_210,163,702,ea73ad6304ed438f7e7d4c59ddd227a1,213,True
ea73ad6304ed438f7e7d4c59ddd227a1::chunk_211,95,381,ea73ad6304ed438f7e7d4c59ddd227a1,214,True
ea73ad6304ed438f7e7d4c59ddd227a1::chunk_212,114,464,ea73ad6304ed438f7e7d4c59ddd227a1,215,True
ea73ad6304ed438f7e7d4c59ddd227a1::chunk_213,135,548,ea73ad6304ed438f7e7d4c59ddd227a1,216,True
ea73ad6304ed438f7e7d4c59ddd227a1::chunk_214,151,626,ea73ad6304ed438f7e7d4c59ddd227a1,217,True
ea73ad6304ed438f7e7d4c59ddd227a1::chunk_215,87,366,ea73ad6304ed438f7e7d4c59ddd227a1,218,True
ea73ad6304ed438f7e7d4c59ddd227a1::chunk_216,177,626,ea73ad6304ed438f7e7d4c59ddd227a1,219,True
ea73ad6304ed438f7e7d4c59ddd227a1::chunk_217,202,609,ea73ad6304ed438f7e7d4c59ddd227a1,220,True
ea73ad6304ed438f7e7d4c59ddd227a1::chunk_218,54,217,ea73ad6304ed438f7e7d4c59ddd227a1,221,True
ea73ad6304ed438f7e7d4c59ddd227a1::chunk_219,51,145,ea73ad6304ed438f7e7d4c59ddd227a1,222,True
ea73ad6304ed438f7e7d4c59ddd227a1::chunk_220,51,149,ea73ad6304ed438f7e7d4c59ddd227a1,223,True
ea73ad6304ed438f7e7d4c59ddd227a1::chunk_221,54,160,ea73ad6304ed438f7e7d4c59ddd227a1,224,True
ea73ad6304ed438f7e7d4c59ddd227a1::chunk_222,61,189,ea73ad6304ed438f7e7d4c59ddd227a1,225,True
ea73ad6304ed438f7e7d4c59ddd227a1::chunk_223,58,170,ea73ad6304ed438f7e7d4c59ddd227a1,226,True
ea73ad6304ed438f7e7d4c59ddd227a1::chunk_224,106,376,ea73ad6304ed438f7e7d4c59ddd227a1,227,True
ea73ad6304ed438f7e7d4c59ddd227a1::chunk_225,211,923,ea73ad6304ed438f7e7d4c59ddd227a1,228,True
ea73ad6304ed438f7e7d4c59ddd227a1::chunk_226,73,303,ea73ad6304ed438f7e7d4c59ddd227a1,229,True
ea73ad6304ed438f7e7d4c59ddd227a1::chunk_227,198,782,ea73ad6304ed438f7e7d4c59ddd227a1,230,True
ea73ad6304ed438f7e7d4c59ddd227a1::chunk_228,256,807,ea73ad6304ed438f7e7d4c59ddd227a1,231,True
ea73ad6304ed438f7e7d4c59ddd227a1::chunk_229,246,864,ea73ad6304ed438f7e7d4c59ddd227a1,232,True
ea73ad6304ed438f7e7d4c59ddd227a1::chunk_230,131,539,ea73ad6304ed438f7e7d4c59ddd227a1,233,True
ea73ad6304ed438f7e7d4c59ddd227a1::chunk_231,156,606,ea73ad6304ed438f7e7d4c59ddd227a1,234,True
ea73ad6304ed438f7e7d4c59ddd227a1::chunk_232,96,407,ea73ad6304ed438f7e7d4c59ddd227a1,235,True
ea73ad6304ed438f7e7d4c59ddd227a1::chunk_233,84,308,ea73ad6304ed438f7e7d4c59ddd227a1,236,True
ea73ad6304ed438f7e7d4c59ddd227a1::chunk_234,119,445,ea73ad6304ed438f7e7d4c59ddd227a1,237,True
ea73ad6304ed438f7e7d4c59ddd227a1::chunk_235,154,576,ea73ad6304ed438f7e7d4c59ddd227a1,238,True
ea73ad6304ed438f7e7d4c59ddd227a1::chunk_236,163,612,ea73ad6304ed438f7e7d4c59ddd227a1,239,True
ea73ad6304ed438f7e7d4c59ddd227a1::chunk_237,173,751,ea73ad6304ed438f7e7d4c59ddd227a1,240,True
ea73ad6304ed438f7e7d4c59ddd227a1::chunk_238,188,661,ea73ad6304ed438f7e7d4c59ddd227a1,241,True
ea73ad6304ed438f7e7d4c59ddd227a1::chunk_239,123,451,ea73ad6304ed438f7e7d4c59ddd227a1,242,True
ea73ad6304ed438f7e7d4c59ddd227a1::chunk_240,119,438,ea73ad6304ed438f7e7d4c59ddd227a1,243,True
ea73ad6304ed438f7e7d4c59ddd227a1::chunk_241,189,617,ea73ad6304ed438f7e7d4c59ddd227a1,244,True
ea73ad6304ed438f7e7d4c59ddd227a1::chunk_242,141,430,ea73ad6304ed438f7e7d4c59ddd227a1,245,True
ea73ad6304ed438f7e7d4c59ddd227a1::chunk_243,155,453,ea73ad6304ed438f7e7d4c59ddd227a1,246,True
ea73ad6304ed438f7e7d4c59ddd227a1::chunk_244,167,486,ea73ad6304ed438f7e7d4c59ddd227a1,247,True
ea73ad6304ed438f7e7d4c59ddd227a1::chunk_245,225,852,ea73ad6304ed438f7e7d4c59ddd227a1,248,True
ea73ad6304ed438f7e7d4c59ddd227a1::chunk_246,141,401,ea73ad6304ed438f7e7d4c59ddd227a1,249,True
ea73ad6304ed438f7e7d4c59ddd227a1::chunk_247,141,401,ea73ad6304ed438f7e7d4c59ddd227a1,250,True
ea73ad6304ed438f7e7d4c59ddd227a1::chunk_248,141,401,ea73ad6304ed438f7e7d4c59ddd227a1,251,True
ea73ad6304ed438f7e7d4c59ddd227a1::chunk_249,141,401,ea73ad6304ed438f7e7d4c59ddd227a1,252,True
ea73ad6304ed438f7e7d4c59ddd227a1::chunk_250,141,401,ea73ad6304ed438f7e7d4c59ddd227a1,253,True
ea73ad6304ed438f7e7d4c59ddd227a1::chunk_251,141,401,ea73ad6304ed438f7e7d4c59ddd227a1,254,True
ea73ad6304ed438f7e7d4c59ddd227a1::chunk_252,141,401,ea73ad6304ed438f7e7d4c59ddd227a1,255,True
ea73ad6304ed438f7e7d4c59ddd227a1::chunk_253,145,423,ea73ad6304ed438f7e7d4c59ddd227a1,256,True
ea73ad6304ed438f7e7d4c59ddd227a1::chunk_254,173,579,ea73ad6304ed438f7e7d4c59ddd227a1,257,True
ea73ad6304ed438f7e7d4c59ddd227a1::chunk_255,55,221,ea73ad6304ed438f7e7d4c59ddd227a1,258,True
ea73ad6304ed438f7e7d4c59ddd227a1::chunk_256,130,544,ea73ad6304ed438f7e7d4c59ddd227a1,259,True
ea73ad6304ed438f7e7d4c59ddd227a1::chunk_257,198,795,ea73ad6304ed438f7e7d4c59ddd227a1,260,True
ea73ad6304ed438f7e7d4c59ddd227a1::chunk_258,45,161,ea73ad6304ed438f7e7d4c59ddd227a1,261,True
ea73ad6304ed438f7e7d4c59ddd227a1::chunk_259,164,683,ea73ad6304ed438f7e7d4c59ddd227a1,262,True
ea73ad6304ed438f7e7d4c59ddd227a1::chunk_260,159,593,ea73ad6304ed438f7e7d4c59ddd227a1,263,True
ea73ad6304ed438f7e7d4c59ddd227a1::chunk_261,144,435,ea73ad6304ed438f7e7d4c59ddd227a1,264,True
ea73ad6304ed438f7e7d4c59ddd227a1::chunk_262,109,324,ea73ad6304ed438f7e7d4c59ddd227a1,265,True
ea73ad6304ed438f7e7d4c59ddd227a1::chunk_263,110,326,ea73ad6304ed438f7e7d4c59ddd227a1,266,True
ea73ad6304ed438f7e7d4c59ddd227a1::chunk_264,109,324,ea73ad6304ed438f7e7d4c59ddd227a1,267,True
ea73ad6304ed438f7e7d4c59ddd227a1::chunk_265,109,324,ea73ad6304ed438f7e7d4c59ddd227a1,268,True
ea73ad6304ed438f7e7d4c59ddd227a1::chunk_266,109,324,ea73ad6304ed438f7e7d4c59ddd227a1,269,True
ea73ad6304ed438f7e7d4c59ddd227a1::chunk_267,109,324,ea73ad6304ed438f7e7d4c59ddd227a1,270,True
ea73ad6304ed438f7e7d4c59ddd227a1::chunk_268,124,365,ea73ad6304ed438f7e7d4c59ddd227a1,271,True
ea73ad6304ed438f7e7d4c59ddd227a1::chunk_269,114,358,ea73ad6304ed438f7e7d4c59ddd227a1,272,True
ea73ad6304ed438f7e7d4c59ddd227a1::chunk_270,89,279,ea73ad6304ed438f7e7d4c59ddd227a1,273,True
ea73ad6304ed438f7e7d4c59ddd227a1::chunk_271,92,285,ea73ad6304ed438f7e7d4c59ddd227a1,274,True
ea73ad6304ed438f7e7d4c59ddd227a1::chunk_272,121,386,ea73ad6304ed438f7e7d4c59ddd227a1,275,True
ea73ad6304ed438f7e7d4c59ddd227a1::chunk_273,223,893,ea73ad6304ed438f7e7d4c59ddd227a1,276,True
ea73ad6304ed438f7e7d4c59ddd227a1::chunk_274,174,728,ea73ad6304ed438f7e7d4c59ddd227a1,277,True
ea73ad6304ed438f7e7d4c59ddd227a1::chunk_275,26,104,ea73ad6304ed438f7e7d4c59ddd227a1,278,True
ea73ad6304ed438f7e7d4c59ddd227a1::chunk_276,165,665,ea73ad6304ed438f7e7d4c59ddd227a1,279,True
ea73ad6304ed438f7e7d4c59ddd227a1::chunk_277,124,390,ea73ad6304ed438f7e7d4c59ddd227a1,280,True
1e8e6c622bfb571b0b783d8347182318::chunk_0,31,143,1e8e6c622bfb571b0b783d8347182318,1,True
1e8e6c622bfb571b0b783d8347182318::chunk_1,205,855,1e8e6c622bfb571b0b783d8347182318,2,True
1e8e6c622bfb571b0b783d8347182318::chunk_2,26,111,1e8e6c622bfb571b0b783d8347182318,3,True
1e8e6c622bfb571b0b783d8347182318::chunk_3,26,112,1e8e6c622bfb571b0b783d8347182318,4,True
1e8e6c622bfb571b0b783d8347182318::chunk_4,20,74,1e8e6c622bfb571b0b783d8347182318,5,True
1e8e6c622bfb571b0b783d8347182318::chunk_5,20,74,1e8e6c622bfb571b0b783d8347182318,6,True
1e8e6c622bfb571b0b783d8347182318::chunk_6,20,74,1e8e6c622bfb571b0b783d8347182318,7,True
1e8e6c622bfb571b0b783d8347182318::chunk_7,20,74,1e8e6c622bfb571b0b783d8347182318,8,True
1e8e6c622bfb571b0b783d8347182318::chunk_8,20,74,1e8e6c622bfb571b0b783d8347182318,9,True
1e8e6c622bfb571b0b783d8347182318::chunk_9,115,355,1e8e6c622bfb571b0b783d8347182318,10,True
1e8e6c622bfb571b0b783d8347182318::chunk_10,112,369,1e8e6c622bfb571b0b783d8347182318,11,True
1e8e6c622bfb571b0b783d8347182318::chunk_11,26,112,1e8e6c622bfb571b0b783d8347182318,12,True
1e8e6c622bfb571b0b783d8347182318::chunk_12,127,594,1e8e6c622bfb571b0b783d8347182318,13,True
1e8e6c622bfb571b0b783d8347182318::chunk_13,65,262,1e8e6c622bfb571b0b783d8347182318,14,True
1e8e6c622bfb571b0b783d8347182318::chunk_14,124,483,1e8e6c622bfb571b0b783d8347182318,15,True
1e8e6c622bfb571b0b783d8347182318::chunk_15,217,870,1e8e6c622bfb571b0b783d8347182318,16,True
1e8e6c622bfb571b0b783d8347182318::chunk_16,26,112,1e8e6c622bfb571b0b783d8347182318,17,True
1e8e6c622bfb571b0b783d8347182318::chunk_17,66,299,1e8e6c622bfb571b0b783d8347182318,18,True
1e8e6c622bfb571b0b783d8347182318::chunk_18,202,774,1e8e6c622bfb571b0b783d8347182318,19,True
1e8e6c622bfb571b0b783d8347182318::chunk_19,194,804,1e8e6c622bfb571b0b783d8347182318,20,True
1e8e6c622bfb571b0b783d8347182318::chunk_20,107,423,1e8e6c622bfb571b0b783d8347182318,21,True
1e8e6c622bfb571b0b783d8347182318::chunk_21,32,142,1e8e6c622bfb571b0b783d8347182318,22,True
1e8e6c622bfb571b0b783d8347182318::chunk_22,41,162,1e8e6c622bfb571b0b783d8347182318,23,True
1e8e6c622bfb571b0b783d8347182318::chunk_23,87,352,1e8e6c622bfb571b0b783d8347182318,24,True
1e8e6c622bfb571b0b783d8347182318::chunk_24,92,397,1e8e6c622bfb571b0b783d8347182318,25,True
1e8e6c622bfb571b0b783d8347182318::chunk_25,35,142,1e8e6c622bfb571b0b783d8347182318,26,True
1e8e6c622bfb571b0b783d8347182318::chunk_26,48,192,1e8e6c622bfb571b0b783d8347182318,27,True
1e8e6c622bfb571b0b783d8347182318::chunk_27,63,251,1e8e6c622bfb571b0b783d8347182318,28,True
1e8e6c622bfb571b0b783d8347182318::chunk_28,64,254,1e8e6c622bfb571b0b783d8347182318,29,True
1e8e6c622bfb571b0b783d8347182318::chunk_29,86,352,1e8e6c622bfb571b0b783d8347182318,30,True
1e8e6c622bfb571b0b783d8347182318::chunk_30,85,349,1e8e6c622bfb571b0b783d8347182318,31,True
1e8e6c622bfb571b0b783d8347182318::chunk_31,100,414,1e8e6c622bfb571b0b783d8347182318,32,True
1e8e6c622bfb571b0b783d8347182318::chunk_32,108,431,1e8e6c622bfb571b0b783d8347182318,33,True
1e8e6c622bfb571b0b783d8347182318::chunk_33,185,782,1e8e6c622bfb571b0b783d8347182318,34,True
1e8e6c622bfb571b0b783d8347182318::chunk_34,20,85,1e8e6c622bfb571b0b783d8347182318,35,True
1e8e6c622bfb571b0b783d8347182318::chunk_35,27,114,1e8e6c622bfb571b0b783d8347182318,36,True
1e8e6c622bfb571b0b783d8347182318::chunk_36,28,117,1e8e6c622bfb571b0b783d8347182318,37,True
1e8e6c622bfb571b0b783d8347182318::chunk_37,29,121,1e8e6c622bfb571b0b783d8347182318,38,True
1e8e6c622bfb571b0b783d8347182318::chunk_38,30,125,1e8e6c622bfb571b0b783d8347182318,39,True
1e8e6c622bfb571b0b783d8347182318::chunk_39,29,121,1e8e6c622bfb571b0b783d8347182318,40,True
1e8e6c622bfb571b0b783d8347182318::chunk_40,30,124,1e8e6c622bfb571b0b783d8347182318,41,True
1e8e6c622bfb571b0b783d8347182318::chunk_41,31,125,1e8e6c622bfb571b0b783d8347182318,42,True
1e8e6c622bfb571b0b783d8347182318::chunk_42,145,635,1e8e6c622bfb571b0b783d8347182318,43,True
1e8e6c622bfb571b0b783d8347182318::chunk_43,15,53,1e8e6c622bfb571b0b783d8347182318,44,True
1e8e6c622bfb571b0b783d8347182318::chunk_44,26,111,1e8e6c622bfb571b0b783d8347182318,45,True
1e8e6c622bfb571b0b783d8347182318::chunk_45,41,203,1e8e6c622bfb571b0b783d8347182318,46,True
1e8e6c622bfb571b0b783d8347182318::chunk_46,128,529,1e8e6c622bfb571b0b783d8347182318,47,True
1e8e6c622bfb571b0b783d8347182318::chunk_47,158,660,1e8e6c622bfb571b0b783d8347182318,48,True
1e8e6c622bfb571b0b783d8347182318::chunk_48,41,203,1e8e6c622bfb571b0b783d8347182318,49,True
1e8e6c622bfb571b0b783d8347182318::chunk_49,183,749,1e8e6c622bfb571b0b783d8347182318,50,True
1e8e6c622bfb571b0b783d8347182318::chunk_50,58,228,1e8e6c622bfb571b0b783d8347182318,51,True
1e8e6c622bfb571b0b783d8347182318::chunk_51,67,297,1e8e6c622bfb571b0b783d8347182318,52,True
1e8e6c622bfb571b0b783d8347182318::chunk_52,82,322,1e8e6c622bfb571b0b783d8347182318,53,True
1e8e6c622bfb571b0b783d8347182318::chunk_53,109,470,1e8e6c622bfb571b0b783d8347182318,54,True
1e8e6c622bfb571b0b783d8347182318::chunk_54,109,470,1e8e6c622bfb571b0b783d8347182318,55,True
1e8e6c622bfb571b0b783d8347182318::chunk_55,109,470,1e8e6c622bfb571b0b783d8347182318,56,True
1e8e6c622bfb571b0b783d8347182318::chunk_56,109,470,1e8e6c622bfb571b0b783d8347182318,57,True
1e8e6c622bfb571b0b783d8347182318::chunk_57,109,470,1e8e6c622bfb571b0b783d8347182318,58,True
1e8e6c622bfb571b0b783d8347182318::chunk_58,109,470,1e8e6c622bfb571b0b783d8347182318,59,True
1e8e6c622bfb571b0b783d8347182318::chunk_59,114,449,1e8e6c622bfb571b0b783d8347182318,60,True
1e8e6c622bfb571b0b783d8347182318::chunk_60,119,469,1e8e6c622bfb571b0b783d8347182318,61,True
1e8e6c622bfb571b0b783d8347182318::chunk_61,124,490,1e8e6c622bfb571b0b783d8347182318,62,True
1e8e6c622bfb571b0b783d8347182318::chunk_62,129,511,1e8e6c622bfb571b0b783d8347182318,63,True
1e8e6c622bfb571b0b783d8347182318::chunk_63,62,257,1e8e6c622bfb571b0b783d8347182318,64,True
1e8e6c622bfb571b0b783d8347182318::chunk_64,72,293,1e8e6c622bfb571b0b783d8347182318,65,True
1e8e6c622bfb571b0b783d8347182318::chunk_65,81,327,1e8e6c622bfb571b0b783d8347182318,66,True
1e8e6c622bfb571b0b783d8347182318::chunk_66,91,362,1e8e6c622bfb571b0b783d8347182318,67,True
1e8e6c622bfb571b0b783d8347182318::chunk_67,100,396,1e8e6c622bfb571b0b783d8347182318,68,True
1e8e6c622bfb571b0b783d8347182318::chunk_68,110,430,1e8e6c622bfb571b0b783d8347182318,69,True
1e8e6c622bfb571b0b783d8347182318::chunk_69,119,464,1e8e6c622bfb571b0b783d8347182318,70,True
1e8e6c622bfb571b0b783d8347182318::chunk_70,128,498,1e8e6c622bfb571b0b783d8347182318,71,True
1e8e6c622bfb571b0b783d8347182318::chunk_71,137,533,1e8e6c622bfb571b0b783d8347182318,72,True
1e8e6c622bfb571b0b783d8347182318::chunk_72,220,942,1e8e6c622bfb571b0b783d8347182318,73,True
1e8e6c622bfb571b0b783d8347182318::chunk_73,157,680,1e8e6c622bfb571b0b783d8347182318,74,True
1e8e6c622bfb571b0b783d8347182318::chunk_74,41,203,1e8e6c622bfb571b0b783d8347182318,75,True
1e8e6c622bfb571b0b783d8347182318::chunk_75,173,656,1e8e6c622bfb571b0b783d8347182318,76,True
1e8e6c622bfb571b0b783d8347182318::chunk_76,128,510,1e8e6c622bfb571b0b783d8347182318,77,True
1e8e6c622bfb571b0b783d8347182318::chunk_77,162,624,1e8e6c622bfb571b0b783d8347182318,78,True
1e8e6c622bfb571b0b783d8347182318::chunk_78,47,200,1e8e6c622bfb571b0b783d8347182318,79,True
1e8e6c622bfb571b0b783d8347182318::chunk_79,53,224,1e8e6c622bfb571b0b783d8347182318,80,True
1e8e6c622bfb571b0b783d8347182318::chunk_80,42,165,1e8e6c622bfb571b0b783d8347182318,81,True
1e8e6c622bfb571b0b783d8347182318::chunk_81,197,713,1e8e6c622bfb571b0b783d8347182318,82,True
1e8e6c622bfb571b0b783d8347182318::chunk_82,66,253,1e8e6c622bfb571b0b783d8347182318,83,True
1e8e6c622bfb571b0b783d8347182318::chunk_83,82,333,1e8e6c622bfb571b0b783d8347182318,84,True
1e8e6c622bfb571b0b783d8347182318::chunk_84,100,402,1e8e6c622bfb571b0b783d8347182318,85,True
1e8e6c622bfb571b0b783d8347182318::chunk_85,90,357,1e8e6c622bfb571b0b783d8347182318,86,True
1e8e6c622bfb571b0b783d8347182318::chunk_86,96,377,1e8e6c622bfb571b0b783d8347182318,87,True
1e8e6c622bfb571b0b783d8347182318::chunk_87,96,380,1e8e6c622bfb571b0b783d8347182318,88,True
1e8e6c622bfb571b0b783d8347182318::chunk_88,96,383,1e8e6c622bfb571b0b783d8347182318,89,True
1e8e6c622bfb571b0b783d8347182318::chunk_89,100,395,1e8e6c622bfb571b0b783d8347182318,90,True
1e8e6c622bfb571b0b783d8347182318::chunk_90,235,891,1e8e6c622bfb571b0b783d8347182318,91,True
1e8e6c622bfb571b0b783d8347182318::chunk_91,30,118,1e8e6c622bfb571b0b783d8347182318,92,True
1e8e6c622bfb571b0b783d8347182318::chunk_92,142,561,1e8e6c622bfb571b0b783d8347182318,93,True
1e8e6c622bfb571b0b783d8347182318::chunk_93,80,290,1e8e6c622bfb571b0b783d8347182318,94,True
1e8e6c622bfb571b0b783d8347182318::chunk_94,175,696,1e8e6c622bfb571b0b783d8347182318,95,True
1e8e6c622bfb571b0b783d8347182318::chunk_95,41,203,1e8e6c622bfb571b0b783d8347182318,96,True
1e8e6c622bfb571b0b783d8347182318::chunk_96,239,933,1e8e6c622bfb571b0b783d8347182318,97,True
1e8e6c622bfb571b0b783d8347182318::chunk_97,57,196,1e8e6c622bfb571b0b783d8347182318,98,True
1e8e6c622bfb571b0b783d8347182318::chunk_98,57,196,1e8e6c622bfb571b0b783d8347182318,99,True
1e8e6c622bfb571b0b783d8347182318::chunk_99,57,196,1e8e6c622bfb571b0b783d8347182318,100,True
1e8e6c622bfb571b0b783d8347182318::chunk_100,57,196,1e8e6c622bfb571b0b783d8347182318,101,True
1e8e6c622bfb571b0b783d8347182318::chunk_101,195,792,1e8e6c622bfb571b0b783d8347182318,102,True
1e8e6c622bfb571b0b783d8347182318::chunk_102,78,241,1e8e6c622bfb571b0b783d8347182318,103,True
1e8e6c622bfb571b0b783d8347182318::chunk_103,57,228,1e8e6c622bfb571b0b783d8347182318,104,True
1e8e6c622bfb571b0b783d8347182318::chunk_104,192,733,1e8e6c622bfb571b0b783d8347182318,105,True
1e8e6c622bfb571b0b783d8347182318::chunk_105,32,126,1e8e6c622bfb571b0b783d8347182318,106,True
1e8e6c622bfb571b0b783d8347182318::chunk_106,153,654,1e8e6c622bfb571b0b783d8347182318,107,True
1e8e6c622bfb571b0b783d8347182318::chunk_107,135,553,1e8e6c622bfb571b0b783d8347182318,108,True
1e8e6c622bfb571b0b783d8347182318::chunk_108,60,243,1e8e6c622bfb571b0b783d8347182318,109,True
1e8e6c622bfb571b0b783d8347182318::chunk_109,147,631,1e8e6c622bfb571b0b783d8347182318,110,True
1e8e6c622bfb571b0b783d8347182318::chunk_110,121,515,1e8e6c622bfb571b0b783d8347182318,111,True
1e8e6c622bfb571b0b783d8347182318::chunk_111,121,470,1e8e6c622bfb571b0b783d8347182318,112,True
1e8e6c622bfb571b0b783d8347182318::chunk_112,30,118,1e8e6c622bfb571b0b783d8347182318,113,True
1e8e6c622bfb571b0b783d8347182318::chunk_113,107,401,1e8e6c622bfb571b0b783d8347182318,114,True
1e8e6c622bfb571b0b783d8347182318::chunk_114,114,457,1e8e6c622bfb571b0b783d8347182318,115,True
1e8e6c622bfb571b0b783d8347182318::chunk_115,41,203,1e8e6c622bfb571b0b783d8347182318,116,True
1e8e6c622bfb571b0b783d8347182318::chunk_116,202,756,1e8e6c622bfb571b0b783d8347182318,117,True
1e8e6c622bfb571b0b783d8347182318::chunk_117,32,125,1e8e6c622bfb571b0b783d8347182318,118,True
1e8e6c622bfb571b0b783d8347182318::chunk_118,90,286,1e8e6c622bfb571b0b783d8347182318,119,True
1e8e6c622bfb571b0b783d8347182318::chunk_119,26,111,1e8e6c622bfb571b0b783d8347182318,120,True
1e8e6c622bfb571b0b783d8347182318::chunk_120,22,90,1e8e6c622bfb571b0b783d8347182318,121,True
1e8e6c622bfb571b0b783d8347182318::chunk_121,176,730,1e8e6c622bfb571b0b783d8347182318,122,True
1e8e6c622bfb571b0b783d8347182318::chunk_122,83,321,1e8e6c622bfb571b0b783d8347182318,123,True
1e8e6c622bfb571b0b783d8347182318::chunk_123,81,303,1e8e6c622bfb571b0b783d8347182318,124,True
1e8e6c622bfb571b0b783d8347182318::chunk_124,31,120,1e8e6c622bfb571b0b783d8347182318,125,True
1e8e6c622bfb571b0b783d8347182318::chunk_125,56,233,1e8e6c622bfb571b0b783d8347182318,126,True
1e8e6c622bfb571b0b783d8347182318::chunk_126,25,104,1e8e6c622bfb571b0b783d8347182318,127,True
1e8e6c622bfb571b0b783d8347182318::chunk_127,94,367,1e8e6c622bfb571b0b783d8347182318,128,True
1e8e6c622bfb571b0b783d8347182318::chunk_128,126,485,1e8e6c622bfb571b0b783d8347182318,129,True
1e8e6c622bfb571b0b783d8347182318::chunk_129,53,213,1e8e6c622bfb571b0b783d8347182318,130,True
1e8e6c622bfb571b0b783d8347182318::chunk_130,105,416,1e8e6c622bfb571b0b783d8347182318,131,True
1e8e6c622bfb571b0b783d8347182318::chunk_131,175,696,1e8e6c622bfb571b0b783d8347182318,132,True
1e8e6c622bfb571b0b783d8347182318::chunk_132,124,487,1e8e6c622bfb571b0b783d8347182318,133,True
1e8e6c622bfb571b0b783d8347182318::chunk_133,26,111,1e8e6c622bfb571b0b783d8347182318,134,True
1e8e6c622bfb571b0b783d8347182318::chunk_134,200,715,1e8e6c622bfb571b0b783d8347182318,135,True
1e8e6c622bfb571b0b783d8347182318::chunk_135,32,113,1e8e6c622bfb571b0b783d8347182318,136,True
1e8e6c622bfb571b0b783d8347182318::chunk_136,105,410,1e8e6c622bfb571b0b783d8347182318,137,True
2d1f518956cdc4b3cf6a9447714cfcd0::chunk_0,31,143,2d1f518956cdc4b3cf6a9447714cfcd0,1,True
2d1f518956cdc4b3cf6a9447714cfcd0::chunk_1,229,931,2d1f518956cdc4b3cf6a9447714cfcd0,2,True
2d1f518956cdc4b3cf6a9447714cfcd0::chunk_2,25,113,2d1f518956cdc4b3cf6a9447714cfcd0,3,True
2d1f518956cdc4b3cf6a9447714cfcd0::chunk_3,24,101,2d1f518956cdc4b3cf6a9447714cfcd0,4,True
2d1f518956cdc4b3cf6a9447714cfcd0::chunk_4,179,723,2d1f518956cdc4b3cf6a9447714cfcd0,5,True
2d1f518956cdc4b3cf6a9447714cfcd0::chunk_5,268,1053,2d1f518956cdc4b3cf6a9447714cfcd0,6,True
2d1f518956cdc4b3cf6a9447714cfcd0::chunk_6,130,570,2d1f518956cdc4b3cf6a9447714cfcd0,7,True
2d1f518956cdc4b3cf6a9447714cfcd0::chunk_7,67,233,2d1f518956cdc4b3cf6a9447714cfcd0,8,True
2d1f518956cdc4b3cf6a9447714cfcd0::chunk_8,91,387,2d1f518956cdc4b3cf6a9447714cfcd0,9,True
2d1f518956cdc4b3cf6a9447714cfcd0::chunk_9,124,511,2d1f518956cdc4b3cf6a9447714cfcd0,10,True
2d1f518956cdc4b3cf6a9447714cfcd0::chunk_10,131,534,2d1f518956cdc4b3cf6a9447714cfcd0,11,True
2d1f518956cdc4b3cf6a9447714cfcd0::chunk_11,138,557,2d1f518956cdc4b3cf6a9447714cfcd0,12,True
2d1f518956cdc4b3cf6a9447714cfcd0::chunk_12,145,580,2d1f518956cdc4b3cf6a9447714cfcd0,13,True
2d1f518956cdc4b3cf6a9447714cfcd0::chunk_13,129,534,2d1f518956cdc4b3cf6a9447714cfcd0,14,True
2d1f518956cdc4b3cf6a9447714cfcd0::chunk_14,129,534,2d1f518956cdc4b3cf6a9447714cfcd0,15,True
2d1f518956cdc4b3cf6a9447714cfcd0::chunk_15,129,534,2d1f518956cdc4b3cf6a9447714cfcd0,16,True
2d1f518956cdc4b3cf6a9447714cfcd0::chunk_16,145,594,2d1f518956cdc4b3cf6a9447714cfcd0,17,True
2d1f518956cdc4b3cf6a9447714cfcd0::chunk_17,106,458,2d1f518956cdc4b3cf6a9447714cfcd0,18,True
2d1f518956cdc4b3cf6a9447714cfcd0::chunk_18,119,505,2d1f518956cdc4b3cf6a9447714cfcd0,19,True
2d1f518956cdc4b3cf6a9447714cfcd0::chunk_19,98,387,2d1f518956cdc4b3cf6a9447714cfcd0,20,True
2d1f518956cdc4b3cf6a9447714cfcd0::chunk_20,230,956,2d1f518956cdc4b3cf6a9447714cfcd0,21,True
2d1f518956cdc4b3cf6a9447714cfcd0::chunk_21,25,103,2d1f518956cdc4b3cf6a9447714cfcd0,22,True
2d1f518956cdc4b3cf6a9447714cfcd0::chunk_22,57,246,2d1f518956cdc4b3cf6a9447714cfcd0,23,True
2d1f518956cdc4b3cf6a9447714cfcd0::chunk_23,64,273,2d1f518956cdc4b3cf6a9447714cfcd0,24,True
2d1f518956cdc4b3cf6a9447714cfcd0::chunk_24,219,870,2d1f518956cdc4b3cf6a9447714cfcd0,25,True
2d1f518956cdc4b3cf6a9447714cfcd0::chunk_25,60,242,2d1f518956cdc4b3cf6a9447714cfcd0,26,True
2d1f518956cdc4b3cf6a9447714cfcd0::chunk_26,110,467,2d1f518956cdc4b3cf6a9447714cfcd0,27,True
2d1f518956cdc4b3cf6a9447714cfcd0::chunk_27,78,315,2d1f518956cdc4b3cf6a9447714cfcd0,28,True
2d1f518956cdc4b3cf6a9447714cfcd0::chunk_28,65,266,2d1f518956cdc4b3cf6a9447714cfcd0,29,True
2d1f518956cdc4b3cf6a9447714cfcd0::chunk_29,25,113,2d1f518956cdc4b3cf6a9447714cfcd0,30,True
2d1f518956cdc4b3cf6a9447714cfcd0::chunk_30,39,161,2d1f518956cdc4b3cf6a9447714cfcd0,31,True
2d1f518956cdc4b3cf6a9447714cfcd0::chunk_31,134,551,2d1f518956cdc4b3cf6a9447714cfcd0,32,True
2d1f518956cdc4b3cf6a9447714cfcd0::chunk_32,24,97,2d1f518956cdc4b3cf6a9447714cfcd0,33,True
2d1f518956cdc4b3cf6a9447714cfcd0::chunk_33,22,85,2d1f518956cdc4b3cf6a9447714cfcd0,34,True
2d1f518956cdc4b3cf6a9447714cfcd0::chunk_34,22,85,2d1f518956cdc4b3cf6a9447714cfcd0,35,True
2d1f518956cdc4b3cf6a9447714cfcd0::chunk_35,39,161,2d1f518956cdc4b3cf6a9447714cfcd0,36,True
2d1f518956cdc4b3cf6a9447714cfcd0::chunk_36,84,367,2d1f518956cdc4b3cf6a9447714cfcd0,37,True
2d1f518956cdc4b3cf6a9447714cfcd0::chunk_37,43,179,2d1f518956cdc4b3cf6a9447714cfcd0,38,True
2d1f518956cdc4b3cf6a9447714cfcd0::chunk_38,43,179,2d1f518956cdc4b3cf6a9447714cfcd0,39,True
2d1f518956cdc4b3cf6a9447714cfcd0::chunk_39,43,179,2d1f518956cdc4b3cf6a9447714cfcd0,40,True
2d1f518956cdc4b3cf6a9447714cfcd0::chunk_40,43,179,2d1f518956cdc4b3cf6a9447714cfcd0,41,True
2d1f518956cdc4b3cf6a9447714cfcd0::chunk_41,154,588,2d1f518956cdc4b3cf6a9447714cfcd0,42,True
2d1f518956cdc4b3cf6a9447714cfcd0::chunk_42,56,229,2d1f518956cdc4b3cf6a9447714cfcd0,43,True
2d1f518956cdc4b3cf6a9447714cfcd0::chunk_43,56,229,2d1f518956cdc4b3cf6a9447714cfcd0,44,True
2d1f518956cdc4b3cf6a9447714cfcd0::chunk_44,56,229,2d1f518956cdc4b3cf6a9447714cfcd0,45,True
2d1f518956cdc4b3cf6a9447714cfcd0::chunk_45,56,229,2d1f518956cdc4b3cf6a9447714cfcd0,46,True
2d1f518956cdc4b3cf6a9447714cfcd0::chunk_46,56,229,2d1f518956cdc4b3cf6a9447714cfcd0,47,True
2d1f518956cdc4b3cf6a9447714cfcd0::chunk_47,56,229,2d1f518956cdc4b3cf6a9447714cfcd0,48,True
2d1f518956cdc4b3cf6a9447714cfcd0::chunk_48,71,265,2d1f518956cdc4b3cf6a9447714cfcd0,49,True
2d1f518956cdc4b3cf6a9447714cfcd0::chunk_49,223,872,2d1f518956cdc4b3cf6a9447714cfcd0,50,True
2d1f518956cdc4b3cf6a9447714cfcd0::chunk_50,54,220,2d1f518956cdc4b3cf6a9447714cfcd0,51,True
2d1f518956cdc4b3cf6a9447714cfcd0::chunk_51,54,220,2d1f518956cdc4b3cf6a9447714cfcd0,52,True
2d1f518956cdc4b3cf6a9447714cfcd0::chunk_52,54,220,2d1f518956cdc4b3cf6a9447714cfcd0,53,True
2d1f518956cdc4b3cf6a9447714cfcd0::chunk_53,54,220,2d1f518956cdc4b3cf6a9447714cfcd0,54,True
2d1f518956cdc4b3cf6a9447714cfcd0::chunk_54,54,220,2d1f518956cdc4b3cf6a9447714cfcd0,55,True
2d1f518956cdc4b3cf6a9447714cfcd0::chunk_55,54,220,2d1f518956cdc4b3cf6a9447714cfcd0,56,True
2d1f518956cdc4b3cf6a9447714cfcd0::chunk_56,218,850,2d1f518956cdc4b3cf6a9447714cfcd0,57,True
2d1f518956cdc4b3cf6a9447714cfcd0::chunk_57,72,335,2d1f518956cdc4b3cf6a9447714cfcd0,58,True
2d1f518956cdc4b3cf6a9447714cfcd0::chunk_58,42,172,2d1f518956cdc4b3cf6a9447714cfcd0,59,True
2d1f518956cdc4b3cf6a9447714cfcd0::chunk_59,214,836,2d1f518956cdc4b3cf6a9447714cfcd0,60,True
2d1f518956cdc4b3cf6a9447714cfcd0::chunk_60,25,113,2d1f518956cdc4b3cf6a9447714cfcd0,61,True
2d1f518956cdc4b3cf6a9447714cfcd0::chunk_61,35,141,2d1f518956cdc4b3cf6a9447714cfcd0,62,True
2d1f518956cdc4b3cf6a9447714cfcd0::chunk_62,32,115,2d1f518956cdc4b3cf6a9447714cfcd0,63,True
2d1f518956cdc4b3cf6a9447714cfcd0::chunk_63,32,115,2d1f518956cdc4b3cf6a9447714cfcd0,64,True
2d1f518956cdc4b3cf6a9447714cfcd0::chunk_64,104,355,2d1f518956cdc4b3cf6a9447714cfcd0,65,True
2d1f518956cdc4b3cf6a9447714cfcd0::chunk_65,104,400,2d1f518956cdc4b3cf6a9447714cfcd0,66,True
2d1f518956cdc4b3cf6a9447714cfcd0::chunk_66,115,423,2d1f518956cdc4b3cf6a9447714cfcd0,67,True
2d1f518956cdc4b3cf6a9447714cfcd0::chunk_67,115,423,2d1f518956cdc4b3cf6a9447714cfcd0,68,True
2d1f518956cdc4b3cf6a9447714cfcd0::chunk_68,115,423,2d1f518956cdc4b3cf6a9447714cfcd0,69,True
2d1f518956cdc4b3cf6a9447714cfcd0::chunk_69,115,423,2d1f518956cdc4b3cf6a9447714cfcd0,70,True
2d1f518956cdc4b3cf6a9447714cfcd0::chunk_70,115,423,2d1f518956cdc4b3cf6a9447714cfcd0,71,True
2d1f518956cdc4b3cf6a9447714cfcd0::chunk_71,115,423,2d1f518956cdc4b3cf6a9447714cfcd0,72,True
2d1f518956cdc4b3cf6a9447714cfcd0::chunk_72,115,423,2d1f518956cdc4b3cf6a9447714cfcd0,73,True
2d1f518956cdc4b3cf6a9447714cfcd0::chunk_73,115,423,2d1f518956cdc4b3cf6a9447714cfcd0,74,True
2d1f518956cdc4b3cf6a9447714cfcd0::chunk_74,113,421,2d1f518956cdc4b3cf6a9447714cfcd0,75,True
2d1f518956cdc4b3cf6a9447714cfcd0::chunk_75,113,421,2d1f518956cdc4b3cf6a9447714cfcd0,76,True
2d1f518956cdc4b3cf6a9447714cfcd0::chunk_76,113,422,2d1f518956cdc4b3cf6a9447714cfcd0,77,True
2d1f518956cdc4b3cf6a9447714cfcd0::chunk_77,113,422,2d1f518956cdc4b3cf6a9447714cfcd0,78,True
2d1f518956cdc4b3cf6a9447714cfcd0::chunk_78,113,422,2d1f518956cdc4b3cf6a9447714cfcd0,79,True
2d1f518956cdc4b3cf6a9447714cfcd0::chunk_79,138,487,2d1f518956cdc4b3cf6a9447714cfcd0,80,True
2d1f518956cdc4b3cf6a9447714cfcd0::chunk_80,26,101,2d1f518956cdc4b3cf6a9447714cfcd0,81,True
2d1f518956cdc4b3cf6a9447714cfcd0::chunk_81,29,110,2d1f518956cdc4b3cf6a9447714cfcd0,82,True
2d1f518956cdc4b3cf6a9447714cfcd0::chunk_82,113,433,2d1f518956cdc4b3cf6a9447714cfcd0,83,True
2d1f518956cdc4b3cf6a9447714cfcd0::chunk_83,149,586,2d1f518956cdc4b3cf6a9447714cfcd0,84,True
2d1f518956cdc4b3cf6a9447714cfcd0::chunk_84,176,667,2d1f518956cdc4b3cf6a9447714cfcd0,85,True
2d1f518956cdc4b3cf6a9447714cfcd0::chunk_85,151,488,2d1f518956cdc4b3cf6a9447714cfcd0,86,True
2d1f518956cdc4b3cf6a9447714cfcd0::chunk_86,188,848,2d1f518956cdc4b3cf6a9447714cfcd0,87,True
2d1f518956cdc4b3cf6a9447714cfcd0::chunk_87,149,537,2d1f518956cdc4b3cf6a9447714cfcd0,88,True
2d1f518956cdc4b3cf6a9447714cfcd0::chunk_88,28,110,2d1f518956cdc4b3cf6a9447714cfcd0,89,True
2d1f518956cdc4b3cf6a9447714cfcd0::chunk_89,35,141,2d1f518956cdc4b3cf6a9447714cfcd0,90,True
2d1f518956cdc4b3cf6a9447714cfcd0::chunk_90,166,683,2d1f518956cdc4b3cf6a9447714cfcd0,91,True
2d1f518956cdc4b3cf6a9447714cfcd0::chunk_91,149,576,2d1f518956cdc4b3cf6a9447714cfcd0,92,True
2d1f518956cdc4b3cf6a9447714cfcd0::chunk_92,156,600,2d1f518956cdc4b3cf6a9447714cfcd0,93,True
2d1f518956cdc4b3cf6a9447714cfcd0::chunk_93,146,503,2d1f518956cdc4b3cf6a9447714cfcd0,94,True
2d1f518956cdc4b3cf6a9447714cfcd0::chunk_94,28,108,2d1f518956cdc4b3cf6a9447714cfcd0,95,True
2d1f518956cdc4b3cf6a9447714cfcd0::chunk_95,137,592,2d1f518956cdc4b3cf6a9447714cfcd0,96,True
2d1f518956cdc4b3cf6a9447714cfcd0::chunk_96,34,136,2d1f518956cdc4b3cf6a9447714cfcd0,97,True
2d1f518956cdc4b3cf6a9447714cfcd0::chunk_97,34,136,2d1f518956cdc4b3cf6a9447714cfcd0,98,True
2d1f518956cdc4b3cf6a9447714cfcd0::chunk_98,34,136,2d1f518956cdc4b3cf6a9447714cfcd0,99,True
2d1f518956cdc4b3cf6a9447714cfcd0::chunk_99,25,113,2d1f518956cdc4b3cf6a9447714cfcd0,100,True
2d1f518956cdc4b3cf6a9447714cfcd0::chunk_100,139,568,2d1f518956cdc4b3cf6a9447714cfcd0,101,True
2d1f518956cdc4b3cf6a9447714cfcd0::chunk_101,28,110,2d1f518956cdc4b3cf6a9447714cfcd0,102,True
2d1f518956cdc4b3cf6a9447714cfcd0::chunk_102,87,366,2d1f518956cdc4b3cf6a9447714cfcd0,103,True
2d1f518956cdc4b3cf6a9447714cfcd0::chunk_103,71,287,2d1f518956cdc4b3cf6a9447714cfcd0,104,True
2d1f518956cdc4b3cf6a9447714cfcd0::chunk_104,217,795,2d1f518956cdc4b3cf6a9447714cfcd0,105,True
2d1f518956cdc4b3cf6a9447714cfcd0::chunk_105,33,133,2d1f518956cdc4b3cf6a9447714cfcd0,106,True
2d1f518956cdc4b3cf6a9447714cfcd0::chunk_106,26,104,2d1f518956cdc4b3cf6a9447714cfcd0,107,True
2d1f518956cdc4b3cf6a9447714cfcd0::chunk_107,36,147,2d1f518956cdc4b3cf6a9447714cfcd0,108,True
2d1f518956cdc4b3cf6a9447714cfcd0::chunk_108,27,111,2d1f518956cdc4b3cf6a9447714cfcd0,109,True
2d1f518956cdc4b3cf6a9447714cfcd0::chunk_109,38,161,2d1f518956cdc4b3cf6a9447714cfcd0,110,True
2d1f518956cdc4b3cf6a9447714cfcd0::chunk_110,36,151,2d1f518956cdc4b3cf6a9447714cfcd0,111,True
2d1f518956cdc4b3cf6a9447714cfcd0::chunk_111,36,153,2d1f518956cdc4b3cf6a9447714cfcd0,112,True
2d1f518956cdc4b3cf6a9447714cfcd0::chunk_112,40,170,2d1f518956cdc4b3cf6a9447714cfcd0,113,True
2d1f518956cdc4b3cf6a9447714cfcd0::chunk_113,29,117,2d1f518956cdc4b3cf6a9447714cfcd0,114,True
2d1f518956cdc4b3cf6a9447714cfcd0::chunk_114,41,164,2d1f518956cdc4b3cf6a9447714cfcd0,115,True
2d1f518956cdc4b3cf6a9447714cfcd0::chunk_115,34,144,2d1f518956cdc4b3cf6a9447714cfcd0,116,True
2d1f518956cdc4b3cf6a9447714cfcd0::chunk_116,34,136,2d1f518956cdc4b3cf6a9447714cfcd0,117,True
2d1f518956cdc4b3cf6a9447714cfcd0::chunk_117,32,135,2d1f518956cdc4b3cf6a9447714cfcd0,118,True
2d1f518956cdc4b3cf6a9447714cfcd0::chunk_118,31,130,2d1f518956cdc4b3cf6a9447714cfcd0,119,True
2d1f518956cdc4b3cf6a9447714cfcd0::chunk_119,32,124,2d1f518956cdc4b3cf6a9447714cfcd0,120,True
2d1f518956cdc4b3cf6a9447714cfcd0::chunk_120,31,121,2d1f518956cdc4b3cf6a9447714cfcd0,121,True
2d1f518956cdc4b3cf6a9447714cfcd0::chunk_121,36,145,2d1f518956cdc4b3cf6a9447714cfcd0,122,True
2d1f518956cdc4b3cf6a9447714cfcd0::chunk_122,35,132,2d1f518956cdc4b3cf6a9447714cfcd0,123,True
2d1f518956cdc4b3cf6a9447714cfcd0::chunk_123,31,128,2d1f518956cdc4b3cf6a9447714cfcd0,124,True
2d1f518956cdc4b3cf6a9447714cfcd0::chunk_124,31,136,2d1f518956cdc4b3cf6a9447714cfcd0,125,True
2d1f518956cdc4b3cf6a9447714cfcd0::chunk_125,31,122,2d1f518956cdc4b3cf6a9447714cfcd0,126,True
2d1f518956cdc4b3cf6a9447714cfcd0::chunk_126,30,120,2d1f518956cdc4b3cf6a9447714cfcd0,127,True
2d1f518956cdc4b3cf6a9447714cfcd0::chunk_127,32,133,2d1f518956cdc4b3cf6a9447714cfcd0,128,True
2d1f518956cdc4b3cf6a9447714cfcd0::chunk_128,205,791,2d1f518956cdc4b3cf6a9447714cfcd0,129,True
2d1f518956cdc4b3cf6a9447714cfcd0::chunk_129,29,118,2d1f518956cdc4b3cf6a9447714cfcd0,130,True
2d1f518956cdc4b3cf6a9447714cfcd0::chunk_130,29,121,2d1f518956cdc4b3cf6a9447714cfcd0,131,True
2d1f518956cdc4b3cf6a9447714cfcd0::chunk_131,156,638,2d1f518956cdc4b3cf6a9447714cfcd0,132,True
2d1f518956cdc4b3cf6a9447714cfcd0::chunk_132,25,120,2d1f518956cdc4b3cf6a9447714cfcd0,133,True
2d1f518956cdc4b3cf6a9447714cfcd0::chunk_133,25,120,2d1f518956cdc4b3cf6a9447714cfcd0,134,True
2d1f518956cdc4b3cf6a9447714cfcd0::chunk_134,197,727,2d1f518956cdc4b3cf6a9447714cfcd0,135,True
2d1f518956cdc4b3cf6a9447714cfcd0::chunk_135,173,687,2d1f518956cdc4b3cf6a9447714cfcd0,136,True
2d1f518956cdc4b3cf6a9447714cfcd0::chunk_136,26,107,2d1f518956cdc4b3cf6a9447714cfcd0,137,True
2d1f518956cdc4b3cf6a9447714cfcd0::chunk_137,28,111,2d1f518956cdc4b3cf6a9447714cfcd0,138,True
2d1f518956cdc4b3cf6a9447714cfcd0::chunk_138,28,111,2d1f518956cdc4b3cf6a9447714cfcd0,139,True
2d1f518956cdc4b3cf6a9447714cfcd0::chunk_139,28,111,2d1f518956cdc4b3cf6a9447714cfcd0,140,True
2d1f518956cdc4b3cf6a9447714cfcd0::chunk_140,28,111,2d1f518956cdc4b3cf6a9447714cfcd0,141,True
2d1f518956cdc4b3cf6a9447714cfcd0::chunk_141,28,111,2d1f518956cdc4b3cf6a9447714cfcd0,142,True
2d1f518956cdc4b3cf6a9447714cfcd0::chunk_142,28,111,2d1f518956cdc4b3cf6a9447714cfcd0,143,True
2d1f518956cdc4b3cf6a9447714cfcd0::chunk_143,28,111,2d1f518956cdc4b3cf6a9447714cfcd0,144,True
2d1f518956cdc4b3cf6a9447714cfcd0::chunk_144,28,111,2d1f518956cdc4b3cf6a9447714cfcd0,145,True
2d1f518956cdc4b3cf6a9447714cfcd0::chunk_145,28,111,2d1f518956cdc4b3cf6a9447714cfcd0,146,True
2d1f518956cdc4b3cf6a9447714cfcd0::chunk_146,28,111,2d1f518956cdc4b3cf6a9447714cfcd0,147,True
2d1f518956cdc4b3cf6a9447714cfcd0::chunk_147,28,111,2d1f518956cdc4b3cf6a9447714cfcd0,148,True
2d1f518956cdc4b3cf6a9447714cfcd0::chunk_148,28,111,2d1f518956cdc4b3cf6a9447714cfcd0,149,True
2d1f518956cdc4b3cf6a9447714cfcd0::chunk_149,28,111,2d1f518956cdc4b3cf6a9447714cfcd0,150,True
2d1f518956cdc4b3cf6a9447714cfcd0::chunk_150,28,111,2d1f518956cdc4b3cf6a9447714cfcd0,151,True
2d1f518956cdc4b3cf6a9447714cfcd0::chunk_151,28,111,2d1f518956cdc4b3cf6a9447714cfcd0,152,True
2d1f518956cdc4b3cf6a9447714cfcd0::chunk_152,28,111,2d1f518956cdc4b3cf6a9447714cfcd0,153,True
2d1f518956cdc4b3cf6a9447714cfcd0::chunk_153,28,110,2d1f518956cdc4b3cf6a9447714cfcd0,154,True
2d1f518956cdc4b3cf6a9447714cfcd0::chunk_154,63,260,2d1f518956cdc4b3cf6a9447714cfcd0,155,True
2d1f518956cdc4b3cf6a9447714cfcd0::chunk_155,101,360,2d1f518956cdc4b3cf6a9447714cfcd0,156,True
2d1f518956cdc4b3cf6a9447714cfcd0::chunk_156,193,645,2d1f518956cdc4b3cf6a9447714cfcd0,157,True
2d1f518956cdc4b3cf6a9447714cfcd0::chunk_157,109,321,2d1f518956cdc4b3cf6a9447714cfcd0,158,True
2d1f518956cdc4b3cf6a9447714cfcd0::chunk_158,109,321,2d1f518956cdc4b3cf6a9447714cfcd0,159,True
2d1f518956cdc4b3cf6a9447714cfcd0::chunk_159,108,320,2d1f518956cdc4b3cf6a9447714cfcd0,160,True
2d1f518956cdc4b3cf6a9447714cfcd0::chunk_160,108,320,2d1f518956cdc4b3cf6a9447714cfcd0,161,True
2d1f518956cdc4b3cf6a9447714cfcd0::chunk_161,109,321,2d1f518956cdc4b3cf6a9447714cfcd0,162,True
2d1f518956cdc4b3cf6a9447714cfcd0::chunk_162,177,620,2d1f518956cdc4b3cf6a9447714cfcd0,163,True
2d1f518956cdc4b3cf6a9447714cfcd0::chunk_163,31,118,2d1f518956cdc4b3cf6a9447714cfcd0,164,True
2d1f518956cdc4b3cf6a9447714cfcd0::chunk_164,28,110,2d1f518956cdc4b3cf6a9447714cfcd0,165,True
2d1f518956cdc4b3cf6a9447714cfcd0::chunk_165,134,544,2d1f518956cdc4b3cf6a9447714cfcd0,166,True
2d1f518956cdc4b3cf6a9447714cfcd0::chunk_166,175,682,2d1f518956cdc4b3cf6a9447714cfcd0,167,True
2d1f518956cdc4b3cf6a9447714cfcd0::chunk_167,258,958,2d1f518956cdc4b3cf6a9447714cfcd0,168,True
2d1f518956cdc4b3cf6a9447714cfcd0::chunk_168,64,260,2d1f518956cdc4b3cf6a9447714cfcd0,169,True
2d1f518956cdc4b3cf6a9447714cfcd0::chunk_169,75,320,2d1f518956cdc4b3cf6a9447714cfcd0,170,True
2d1f518956cdc4b3cf6a9447714cfcd0::chunk_170,74,314,2d1f518956cdc4b3cf6a9447714cfcd0,171,True
2d1f518956cdc4b3cf6a9447714cfcd0::chunk_171,51,163,2d1f518956cdc4b3cf6a9447714cfcd0,172,True
2d1f518956cdc4b3cf6a9447714cfcd0::chunk_172,37,147,2d1f518956cdc4b3cf6a9447714cfcd0,173,True
2d1f518956cdc4b3cf6a9447714cfcd0::chunk_173,134,507,2d1f518956cdc4b3cf6a9447714cfcd0,174,True
2d1f518956cdc4b3cf6a9447714cfcd0::chunk_174,157,616,2d1f518956cdc4b3cf6a9447714cfcd0,175,True
2d1f518956cdc4b3cf6a9447714cfcd0::chunk_175,24,90,2d1f518956cdc4b3cf6a9447714cfcd0,176,True
2d1f518956cdc4b3cf6a9447714cfcd0::chunk_176,24,88,2d1f518956cdc4b3cf6a9447714cfcd0,177,True
2d1f518956cdc4b3cf6a9447714cfcd0::chunk_177,20,76,2d1f518956cdc4b3cf6a9447714cfcd0,178,True
2d1f518956cdc4b3cf6a9447714cfcd0::chunk_178,31,114,2d1f518956cdc4b3cf6a9447714cfcd0,179,True
2d1f518956cdc4b3cf6a9447714cfcd0::chunk_179,34,127,2d1f518956cdc4b3cf6a9447714cfcd0,180,True
2d1f518956cdc4b3cf6a9447714cfcd0::chunk_180,23,93,2d1f518956cdc4b3cf6a9447714cfcd0,181,True
2d1f518956cdc4b3cf6a9447714cfcd0::chunk_181,27,111,2d1f518956cdc4b3cf6a9447714cfcd0,182,True
2d1f518956cdc4b3cf6a9447714cfcd0::chunk_182,31,121,2d1f518956cdc4b3cf6a9447714cfcd0,183,True
2d1f518956cdc4b3cf6a9447714cfcd0::chunk_183,33,129,2d1f518956cdc4b3cf6a9447714cfcd0,184,True
2d1f518956cdc4b3cf6a9447714cfcd0::chunk_184,34,135,2d1f518956cdc4b3cf6a9447714cfcd0,185,True
2d1f518956cdc4b3cf6a9447714cfcd0::chunk_185,37,157,2d1f518956cdc4b3cf6a9447714cfcd0,186,True
2d1f518956cdc4b3cf6a9447714cfcd0::chunk_186,40,180,2d1f518956cdc4b3cf6a9447714cfcd0,187,True
2d1f518956cdc4b3cf6a9447714cfcd0::chunk_187,43,203,2d1f518956cdc4b3cf6a9447714cfcd0,188,True
2d1f518956cdc4b3cf6a9447714cfcd0::chunk_188,46,227,2d1f518956cdc4b3cf6a9447714cfcd0,189,True
2d1f518956cdc4b3cf6a9447714cfcd0::chunk_189,49,252,2d1f518956cdc4b3cf6a9447714cfcd0,190,True
2d1f518956cdc4b3cf6a9447714cfcd0::chunk_190,52,272,2d1f518956cdc4b3cf6a9447714cfcd0,191,True
2d1f518956cdc4b3cf6a9447714cfcd0::chunk_191,55,288,2d1f518956cdc4b3cf6a9447714cfcd0,192,True
2d1f518956cdc4b3cf6a9447714cfcd0::chunk_192,21,78,2d1f518956cdc4b3cf6a9447714cfcd0,193,True
2d1f518956cdc4b3cf6a9447714cfcd0::chunk_193,56,222,2d1f518956cdc4b3cf6a9447714cfcd0,194,True
2d1f518956cdc4b3cf6a9447714cfcd0::chunk_194,92,367,2d1f518956cdc4b3cf6a9447714cfcd0,195,True
a3aa8203ae0398a1ef263322bcadebc3::chunk_0,31,143,a3aa8203ae0398a1ef263322bcadebc3,1,True
a3aa8203ae0398a1ef263322bcadebc3::chunk_1,24,100,a3aa8203ae0398a1ef263322bcadebc3,2,True
a3aa8203ae0398a1ef263322bcadebc3::chunk_2,19,76,a3aa8203ae0398a1ef263322bcadebc3,3,True
a3aa8203ae0398a1ef263322bcadebc3::chunk_3,35,140,a3aa8203ae0398a1ef263322bcadebc3,4,True
a3aa8203ae0398a1ef263322bcadebc3::chunk_4,59,229,a3aa8203ae0398a1ef263322bcadebc3,5,True
a3aa8203ae0398a1ef263322bcadebc3::chunk_5,115,428,a3aa8203ae0398a1ef263322bcadebc3,6,True
a3aa8203ae0398a1ef263322bcadebc3::chunk_6,98,425,a3aa8203ae0398a1ef263322bcadebc3,7,True
a3aa8203ae0398a1ef263322bcadebc3::chunk_7,20,82,a3aa8203ae0398a1ef263322bcadebc3,8,True
a3aa8203ae0398a1ef263322bcadebc3::chunk_8,95,380,a3aa8203ae0398a1ef263322bcadebc3,9,True
a3aa8203ae0398a1ef263322bcadebc3::chunk_9,20,83,a3aa8203ae0398a1ef263322bcadebc3,10,True
a3aa8203ae0398a1ef263322bcadebc3::chunk_10,153,655,a3aa8203ae0398a1ef263322bcadebc3,11,True
a3aa8203ae0398a1ef263322bcadebc3::chunk_11,174,716,a3aa8203ae0398a1ef263322bcadebc3,12,True
a3aa8203ae0398a1ef263322bcadebc3::chunk_12,23,89,a3aa8203ae0398a1ef263322bcadebc3,13,True
a3aa8203ae0398a1ef263322bcadebc3::chunk_13,194,785,a3aa8203ae0398a1ef263322bcadebc3,14,True
a3aa8203ae0398a1ef263322bcadebc3::chunk_14,19,76,a3aa8203ae0398a1ef263322bcadebc3,15,True
a3aa8203ae0398a1ef263322bcadebc3::chunk_15,77,336,a3aa8203ae0398a1ef263322bcadebc3,16,True
a3aa8203ae0398a1ef263322bcadebc3::chunk_16,69,276,a3aa8203ae0398a1ef263322bcadebc3,17,True
a3aa8203ae0398a1ef263322bcadebc3::chunk_17,86,358,a3aa8203ae0398a1ef263322bcadebc3,18,True
a3aa8203ae0398a1ef263322bcadebc3::chunk_18,23,99,a3aa8203ae0398a1ef263322bcadebc3,19,True
a3aa8203ae0398a1ef263322bcadebc3::chunk_19,32,123,a3aa8203ae0398a1ef263322bcadebc3,20,True
a3aa8203ae0398a1ef263322bcadebc3::chunk_20,125,521,a3aa8203ae0398a1ef263322bcadebc3,21,True
a3aa8203ae0398a1ef263322bcadebc3::chunk_21,67,255,a3aa8203ae0398a1ef263322bcadebc3,22,True
a3aa8203ae0398a1ef263322bcadebc3::chunk_22,164,681,a3aa8203ae0398a1ef263322bcadebc3,23,True
a3aa8203ae0398a1ef263322bcadebc3::chunk_23,60,226,a3aa8203ae0398a1ef263322bcadebc3,24,True
a3aa8203ae0398a1ef263322bcadebc3::chunk_24,37,134,a3aa8203ae0398a1ef263322bcadebc3,25,True
a3aa8203ae0398a1ef263322bcadebc3::chunk_25,126,487,a3aa8203ae0398a1ef263322bcadebc3,26,True
a3aa8203ae0398a1ef263322bcadebc3::chunk_26,138,552,a3aa8203ae0398a1ef263322bcadebc3,27,True
a3aa8203ae0398a1ef263322bcadebc3::chunk_27,33,129,a3aa8203ae0398a1ef263322bcadebc3,28,True
a3aa8203ae0398a1ef263322bcadebc3::chunk_28,132,560,a3aa8203ae0398a1ef263322bcadebc3,29,True
a3aa8203ae0398a1ef263322bcadebc3::chunk_29,29,106,a3aa8203ae0398a1ef263322bcadebc3,30,True
a3aa8203ae0398a1ef263322bcadebc3::chunk_30,30,116,a3aa8203ae0398a1ef263322bcadebc3,31,True
a3aa8203ae0398a1ef263322bcadebc3::chunk_31,23,99,a3aa8203ae0398a1ef263322bcadebc3,32,True
a3aa8203ae0398a1ef263322bcadebc3::chunk_32,28,109,a3aa8203ae0398a1ef263322bcadebc3,33,True
a3aa8203ae0398a1ef263322bcadebc3::chunk_33,92,393,a3aa8203ae0398a1ef263322bcadebc3,34,True
a3aa8203ae0398a1ef263322bcadebc3::chunk_34,125,534,a3aa8203ae0398a1ef263322bcadebc3,35,True
a3aa8203ae0398a1ef263322bcadebc3::chunk_35,93,368,a3aa8203ae0398a1ef263322bcadebc3,36,True
a3aa8203ae0398a1ef263322bcadebc3::chunk_36,29,117,a3aa8203ae0398a1ef263322bcadebc3,37,True
a3aa8203ae0398a1ef263322bcadebc3::chunk_37,87,348,a3aa8203ae0398a1ef263322bcadebc3,38,True
a3aa8203ae0398a1ef263322bcadebc3::chunk_38,63,216,a3aa8203ae0398a1ef263322bcadebc3,39,True
a3aa8203ae0398a1ef263322bcadebc3::chunk_39,89,311,a3aa8203ae0398a1ef263322bcadebc3,40,True
a3aa8203ae0398a1ef263322bcadebc3::chunk_40,89,331,a3aa8203ae0398a1ef263322bcadebc3,41,True
a3aa8203ae0398a1ef263322bcadebc3::chunk_41,167,702,a3aa8203ae0398a1ef263322bcadebc3,42,True
a3aa8203ae0398a1ef263322bcadebc3::chunk_42,69,262,a3aa8203ae0398a1ef263322bcadebc3,43,True
a3aa8203ae0398a1ef263322bcadebc3::chunk_43,72,284,a3aa8203ae0398a1ef263322bcadebc3,44,True
a3aa8203ae0398a1ef263322bcadebc3::chunk_44,178,749,a3aa8203ae0398a1ef263322bcadebc3,45,True
a3aa8203ae0398a1ef263322bcadebc3::chunk_45,75,260,a3aa8203ae0398a1ef263322bcadebc3,46,True
