timestamp,question_id,chunk_id,document_id,page_number,cited_in_answer
2025-10-30T05:24:11.300803,7fe901e9-b297-4948-b429-ae0d164a5321,a39ac9d6-0cb7-4d8e-80a5-10e9edbc6587,2d1f518956cdc4b3cf6a9447714cfcd0,14,1
2025-10-30T05:24:11.301787,7fe901e9-b297-4948-b429-ae0d164a5321,5575947a-a35f-4e83-b5e7-a80663c18824,2d1f518956cdc4b3cf6a9447714cfcd0,15,1
2025-10-30T05:24:11.301787,7fe901e9-b297-4948-b429-ae0d164a5321,9ef6f800-c662-41a6-9e20-29a829f312c8,2d1f518956cdc4b3cf6a9447714cfcd0,16,1
2025-10-30T05:24:11.302790,7fe901e9-b297-4948-b429-ae0d164a5321,39f3cf55-5c5d-4a48-9fc1-6f10650dc787,2d1f518956cdc4b3cf6a9447714cfcd0,17,1
2025-10-30T05:24:11.302790,7fe901e9-b297-4948-b429-ae0d164a5321,03b01dbd-834f-4946-ba0b-ba82df22945f,74040f5628748874779838fa7a292b09,96,1
2025-10-30T05:24:11.305804,7fe901e9-b297-4948-b429-ae0d164a5321,585ea22f-18dc-4a00-91ea-8d6f3ede8e59,2d1f518956cdc4b3cf6a9447714cfcd0,10,1
2025-10-30T05:24:11.306799,7fe901e9-b297-4948-b429-ae0d164a5321,121f5c9d-4db6-4baf-8ea6-755bf38aeb73,2d1f518956cdc4b3cf6a9447714cfcd0,26,1
2025-10-30T05:24:11.306799,7fe901e9-b297-4948-b429-ae0d164a5321,22bbf3e2-c5d9-4a29-891a-53f80e5ad2a7,2d1f518956cdc4b3cf6a9447714cfcd0,8,1
2025-10-30T05:36:34.498615,8bda24c2-1f57-4d42-8e20-a0d7aa850cce,614d6ec6-5484-417a-aa52-153899011b02,1e8e6c622bfb571b0b783d8347182318,105,1
2025-10-30T05:36:34.501169,8bda24c2-1f57-4d42-8e20-a0d7aa850cce,2034b189-e367-4870-aedf-9767727913cc,1e8e6c622bfb571b0b783d8347182318,91,1
2025-10-30T05:36:34.502160,8bda24c2-1f57-4d42-8e20-a0d7aa850cce,5e67d0b3-6020-4644-bde1-2cba8ff2f957,1e8e6c622bfb571b0b783d8347182318,115,1
2025-10-30T05:36:34.503160,8bda24c2-1f57-4d42-8e20-a0d7aa850cce,e9355db3-062b-435b-8edc-2f2b4237924a,1e8e6c622bfb571b0b783d8347182318,75,1
2025-10-30T05:36:34.503160,8bda24c2-1f57-4d42-8e20-a0d7aa850cce,90b7b3eb-cb15-4e7e-b8fd-e0db3bc2c970,1e8e6c622bfb571b0b783d8347182318,116,1
2025-10-30T05:36:34.504167,8bda24c2-1f57-4d42-8e20-a0d7aa850cce,0184de82-01f0-4f43-a702-e0cc9f314bfe,1e8e6c622bfb571b0b783d8347182318,96,1
2025-10-30T05:36:34.504167,8bda24c2-1f57-4d42-8e20-a0d7aa850cce,03512709-fbf0-42af-bf86-6ee260c6670b,1e8e6c622bfb571b0b783d8347182318,49,1
2025-10-30T05:36:34.504167,8bda24c2-1f57-4d42-8e20-a0d7aa850cce,7b522cf0-8a7b-4a0c-b84d-d871b35519ca,1e8e6c622bfb571b0b783d8347182318,46,1
2025-10-30T05:36:50.896724,3099aff7-9ad8-4dc9-9355-4843af2c6a0e,295e7453-8be7-456c-9d84-ea79c4f71a05,a3aa8203ae0398a1ef263322bcadebc3,12,1
2025-10-30T05:36:50.897803,3099aff7-9ad8-4dc9-9355-4843af2c6a0e,f42ef349-0de4-454c-adfe-dbd778d7e93c,a3aa8203ae0398a1ef263322bcadebc3,11,1
2025-10-30T05:36:50.898373,3099aff7-9ad8-4dc9-9355-4843af2c6a0e,c6534df4-9309-406a-b42e-9c7c9863229d,74040f5628748874779838fa7a292b09,29,1
2025-10-30T05:36:50.899154,3099aff7-9ad8-4dc9-9355-4843af2c6a0e,2cf0b2c4-b9d6-4b6f-87b5-d09b1015e4e3,a3aa8203ae0398a1ef263322bcadebc3,9,1
2025-10-30T05:36:50.900224,3099aff7-9ad8-4dc9-9355-4843af2c6a0e,aa9d37f3-029a-4c97-afc6-5cfa50cf01b9,74040f5628748874779838fa7a292b09,83,1
2025-10-30T05:36:50.900825,3099aff7-9ad8-4dc9-9355-4843af2c6a0e,8201fe61-7969-4e71-b175-01e93cd9ff31,ea73ad6304ed438f7e7d4c59ddd227a1,214,1
2025-10-30T05:36:50.902197,3099aff7-9ad8-4dc9-9355-4843af2c6a0e,f996821d-acf7-488e-8a57-f535708efda3,1e8e6c622bfb571b0b783d8347182318,13,1
2025-10-30T05:36:50.902823,3099aff7-9ad8-4dc9-9355-4843af2c6a0e,93e9b5cd-3726-4d40-b452-c0a665cfd5ac,74040f5628748874779838fa7a292b09,30,1
2025-10-30T05:37:06.296922,cebac85a-6a7f-48cb-8f1f-c05b608ab588,0ccca049-c6b6-4a8a-af61-0df2803a5c64,1e8e6c622bfb571b0b783d8347182318,124,1
2025-10-30T05:37:06.297920,cebac85a-6a7f-48cb-8f1f-c05b608ab588,55254393-ed95-4905-9f6d-aa339a35ceb4,1e8e6c622bfb571b0b783d8347182318,118,1
2025-10-30T05:37:06.297920,cebac85a-6a7f-48cb-8f1f-c05b608ab588,03b01dbd-834f-4946-ba0b-ba82df22945f,74040f5628748874779838fa7a292b09,96,1
2025-10-30T05:37:06.298915,cebac85a-6a7f-48cb-8f1f-c05b608ab588,a4e66e81-91a6-4516-a4bb-4e29065f9a01,ea73ad6304ed438f7e7d4c59ddd227a1,23,1
2025-10-30T05:37:06.299440,cebac85a-6a7f-48cb-8f1f-c05b608ab588,fc5478c8-9d11-474b-aa9a-d18463f8c2b5,1e8e6c622bfb571b0b783d8347182318,81,1
2025-10-30T05:37:06.300469,cebac85a-6a7f-48cb-8f1f-c05b608ab588,8be31b26-edef-46ce-b406-6bb3b112026f,1e8e6c622bfb571b0b783d8347182318,106,1
2025-10-30T05:37:06.301470,cebac85a-6a7f-48cb-8f1f-c05b608ab588,58ec9711-3a8b-4e84-ae16-fe9d7e7fbf78,ea73ad6304ed438f7e7d4c59ddd227a1,235,1
2025-10-30T05:37:06.302522,cebac85a-6a7f-48cb-8f1f-c05b608ab588,e04e9631-a9f1-4b95-9a3a-22a192e6686d,1e8e6c622bfb571b0b783d8347182318,92,1
2025-10-30T05:37:23.413703,39ce3bc7-977c-43ec-a31e-3cc615396ad3,4c097401-deb8-40eb-a55d-7eb25852a01e,1e8e6c622bfb571b0b783d8347182318,33,1
2025-10-30T05:37:23.413703,39ce3bc7-977c-43ec-a31e-3cc615396ad3,e0c01d3b-4aca-41d3-aed5-117089200c02,1e8e6c622bfb571b0b783d8347182318,26,1
2025-10-30T05:37:23.413703,39ce3bc7-977c-43ec-a31e-3cc615396ad3,aaac9955-1d52-44dc-ba0e-ef3425d688cf,1e8e6c622bfb571b0b783d8347182318,30,1
2025-10-30T05:37:23.415212,39ce3bc7-977c-43ec-a31e-3cc615396ad3,b976f14c-77ba-43d3-aeb6-2d0e9d47a12b,1e8e6c622bfb571b0b783d8347182318,32,1
2025-10-30T05:37:23.416285,39ce3bc7-977c-43ec-a31e-3cc615396ad3,a9ab59ef-cb46-4191-96b1-c76dcc25c9ce,a3aa8203ae0398a1ef263322bcadebc3,33,1
2025-10-30T05:37:23.416285,39ce3bc7-977c-43ec-a31e-3cc615396ad3,25ba73c4-fc87-41f4-b63c-61cf3eca8bfe,a3aa8203ae0398a1ef263322bcadebc3,35,1
2025-10-30T05:37:23.417298,39ce3bc7-977c-43ec-a31e-3cc615396ad3,d07d8047-cfb6-4c44-8055-3f64b9bf17fc,1e8e6c622bfb571b0b783d8347182318,24,1
2025-10-30T05:37:23.417298,39ce3bc7-977c-43ec-a31e-3cc615396ad3,38ce6feb-c4a8-4755-8468-41a85469a517,74040f5628748874779838fa7a292b09,6,1
2025-10-30T05:37:49.176236,3155f687-7343-4be7-94b2-07fb499f1f9d,0ccca049-c6b6-4a8a-af61-0df2803a5c64,1e8e6c622bfb571b0b783d8347182318,124,1
2025-10-30T05:37:49.177378,3155f687-7343-4be7-94b2-07fb499f1f9d,1f3aa306-9769-4f20-aa8e-db8fad61a53f,1e8e6c622bfb571b0b783d8347182318,131,1
2025-10-30T05:37:49.177378,3155f687-7343-4be7-94b2-07fb499f1f9d,ef8532ca-c285-4809-8263-a2dcf2717107,1e8e6c622bfb571b0b783d8347182318,125,1
2025-10-30T05:37:49.178231,3155f687-7343-4be7-94b2-07fb499f1f9d,b976f14c-77ba-43d3-aeb6-2d0e9d47a12b,1e8e6c622bfb571b0b783d8347182318,32,1
2025-10-30T05:37:49.178231,3155f687-7343-4be7-94b2-07fb499f1f9d,61a68be8-56b1-4bfd-9b6d-963872c3ba42,1e8e6c622bfb571b0b783d8347182318,130,1
2025-10-30T05:37:49.178231,3155f687-7343-4be7-94b2-07fb499f1f9d,08f8a895-1d56-4c86-a19f-5f91b7777b83,1e8e6c622bfb571b0b783d8347182318,114,1
2025-10-30T05:37:49.179647,3155f687-7343-4be7-94b2-07fb499f1f9d,832b49e2-e567-4d63-ab00-54daffe0921d,1e8e6c622bfb571b0b783d8347182318,104,1
2025-10-30T05:37:49.180757,3155f687-7343-4be7-94b2-07fb499f1f9d,2a2425e8-20a2-420d-9f4d-c55680af96c2,1e8e6c622bfb571b0b783d8347182318,4,1
2025-10-30T05:38:03.009842,e8562c7f-c1a9-4191-852c-0af63f14d81d,a0473302-4bb0-4e1f-ac1d-918f5194ec1f,1e8e6c622bfb571b0b783d8347182318,59,1
2025-10-30T05:38:03.009842,e8562c7f-c1a9-4191-852c-0af63f14d81d,be8224e3-a8a2-4ca6-a3bc-208ad1b8bd0e,1e8e6c622bfb571b0b783d8347182318,55,1
2025-10-30T05:38:03.010841,e8562c7f-c1a9-4191-852c-0af63f14d81d,762d12f9-f8d2-4162-bbd5-70dc97084954,1e8e6c622bfb571b0b783d8347182318,56,1
2025-10-30T05:38:03.010841,e8562c7f-c1a9-4191-852c-0af63f14d81d,f7dd668f-a8aa-4781-9283-d49790435a43,1e8e6c622bfb571b0b783d8347182318,57,1
2025-10-30T05:38:03.011839,e8562c7f-c1a9-4191-852c-0af63f14d81d,f0fd9c42-2e97-4d70-90cc-dcc5c8f61dfb,1e8e6c622bfb571b0b783d8347182318,54,1
2025-10-30T05:38:03.011839,e8562c7f-c1a9-4191-852c-0af63f14d81d,50e8c056-67b9-4f9b-8ab1-3d241c8393ff,1e8e6c622bfb571b0b783d8347182318,58,1
2025-10-30T05:38:03.011839,e8562c7f-c1a9-4191-852c-0af63f14d81d,e41f620c-40cb-462d-9609-4dd475625884,1e8e6c622bfb571b0b783d8347182318,65,1
2025-10-30T05:38:03.013362,e8562c7f-c1a9-4191-852c-0af63f14d81d,d3126d89-b42f-479b-a080-7d1d89a0ab45,1e8e6c622bfb571b0b783d8347182318,64,1
2025-10-30T05:38:18.116357,436ea6dd-5435-493e-9270-ca4e7421b4a3,449e3a97-f9ee-435d-a4f4-54fb715c6102,1e8e6c622bfb571b0b783d8347182318,137,1
2025-10-30T05:38:18.116357,436ea6dd-5435-493e-9270-ca4e7421b4a3,55254393-ed95-4905-9f6d-aa339a35ceb4,1e8e6c622bfb571b0b783d8347182318,118,1
2025-10-30T05:38:18.117526,436ea6dd-5435-493e-9270-ca4e7421b4a3,8be31b26-edef-46ce-b406-6bb3b112026f,1e8e6c622bfb571b0b783d8347182318,106,1
2025-10-30T05:38:18.118299,436ea6dd-5435-493e-9270-ca4e7421b4a3,3e8488b2-28de-44ce-9a23-1248ff75f854,1e8e6c622bfb571b0b783d8347182318,82,1
2025-10-30T05:38:18.118299,436ea6dd-5435-493e-9270-ca4e7421b4a3,fc5478c8-9d11-474b-aa9a-d18463f8c2b5,1e8e6c622bfb571b0b783d8347182318,81,1
2025-10-30T05:38:18.119420,436ea6dd-5435-493e-9270-ca4e7421b4a3,66580632-5e14-4e69-bd66-0001c137e231,1e8e6c622bfb571b0b783d8347182318,127,1
2025-10-30T05:38:18.120435,436ea6dd-5435-493e-9270-ca4e7421b4a3,e04e9631-a9f1-4b95-9a3a-22a192e6686d,1e8e6c622bfb571b0b783d8347182318,92,1
2025-10-30T05:38:18.121496,436ea6dd-5435-493e-9270-ca4e7421b4a3,0184de82-01f0-4f43-a702-e0cc9f314bfe,1e8e6c622bfb571b0b783d8347182318,96,1
2025-10-30T05:38:36.118522,f8ec6eda-18d5-4349-bfe8-3d983e9feff5,6b69ca89-4d5b-4d8d-a9de-244aac064d6e,1e8e6c622bfb571b0b783d8347182318,21,1
2025-10-30T05:38:36.120569,f8ec6eda-18d5-4349-bfe8-3d983e9feff5,3e8488b2-28de-44ce-9a23-1248ff75f854,1e8e6c622bfb571b0b783d8347182318,82,1
2025-10-30T05:38:36.121641,f8ec6eda-18d5-4349-bfe8-3d983e9feff5,e0fd26bb-b5fa-479d-bf14-0d7faccfc6ea,1e8e6c622bfb571b0b783d8347182318,97,1
2025-10-30T05:38:36.121641,f8ec6eda-18d5-4349-bfe8-3d983e9feff5,449e3a97-f9ee-435d-a4f4-54fb715c6102,1e8e6c622bfb571b0b783d8347182318,137,1
2025-10-30T05:38:36.123151,f8ec6eda-18d5-4349-bfe8-3d983e9feff5,23b11e6a-c571-4ade-891e-f5428cde7bd3,1e8e6c622bfb571b0b783d8347182318,103,1
2025-10-30T05:38:36.123593,f8ec6eda-18d5-4349-bfe8-3d983e9feff5,2c117392-16c2-4845-806b-39dd996b85ac,1e8e6c622bfb571b0b783d8347182318,111,1
2025-10-30T05:38:36.124602,f8ec6eda-18d5-4349-bfe8-3d983e9feff5,b9475bf7-81e8-46c6-a7a9-bc73a2a41495,1e8e6c622bfb571b0b783d8347182318,102,1
2025-10-30T05:38:36.124602,f8ec6eda-18d5-4349-bfe8-3d983e9feff5,e04e9631-a9f1-4b95-9a3a-22a192e6686d,1e8e6c622bfb571b0b783d8347182318,92,1
2025-10-30T05:38:48.920625,fa6fdfdb-ffba-4573-a7d8-0b36c25b5f15,b976f14c-77ba-43d3-aeb6-2d0e9d47a12b,1e8e6c622bfb571b0b783d8347182318,32,1
2025-10-30T05:38:48.921108,fa6fdfdb-ffba-4573-a7d8-0b36c25b5f15,e0c01d3b-4aca-41d3-aed5-117089200c02,1e8e6c622bfb571b0b783d8347182318,26,1
2025-10-30T05:38:48.921108,fa6fdfdb-ffba-4573-a7d8-0b36c25b5f15,749f5bb6-ca60-4bb5-a8e7-c5d13894dc29,74040f5628748874779838fa7a292b09,93,1
2025-10-30T05:38:48.922241,fa6fdfdb-ffba-4573-a7d8-0b36c25b5f15,fb5a923d-ee99-429c-91f9-70a354287ea7,a3aa8203ae0398a1ef263322bcadebc3,43,1
2025-10-30T05:38:48.922241,fa6fdfdb-ffba-4573-a7d8-0b36c25b5f15,a9ab59ef-cb46-4191-96b1-c76dcc25c9ce,a3aa8203ae0398a1ef263322bcadebc3,33,1
2025-10-30T05:38:48.923222,fa6fdfdb-ffba-4573-a7d8-0b36c25b5f15,cb1398a9-beec-46bc-ad02-b4c41fc89937,74040f5628748874779838fa7a292b09,36,1
2025-10-30T05:38:48.923222,fa6fdfdb-ffba-4573-a7d8-0b36c25b5f15,6ac678fd-e79b-4270-aa61-0ec1fda93997,74040f5628748874779838fa7a292b09,90,1
2025-10-30T05:38:48.924224,fa6fdfdb-ffba-4573-a7d8-0b36c25b5f15,7a80428f-283b-4664-bb62-1c65dc69a99d,74040f5628748874779838fa7a292b09,98,1
2025-10-30T05:39:03.698083,3334f483-3210-4210-9755-c353f0debdac,a4af6d3d-fbf4-4ab3-90a2-b1efe8ded677,1e8e6c622bfb571b0b783d8347182318,20,1
2025-10-30T05:39:03.699558,3334f483-3210-4210-9755-c353f0debdac,f8d53319-46b2-4ed9-bff0-44f639786d8b,74040f5628748874779838fa7a292b09,65,1
2025-10-30T05:39:03.699558,3334f483-3210-4210-9755-c353f0debdac,67bc49b4-f6c4-41a6-9578-05c37fd23267,1e8e6c622bfb571b0b783d8347182318,25,1
2025-10-30T05:39:03.700386,3334f483-3210-4210-9755-c353f0debdac,b976f14c-77ba-43d3-aeb6-2d0e9d47a12b,1e8e6c622bfb571b0b783d8347182318,32,1
2025-10-30T05:39:03.700386,3334f483-3210-4210-9755-c353f0debdac,899e6fea-6c84-4ba1-900a-a096ffcc632c,ea73ad6304ed438f7e7d4c59ddd227a1,7,1
2025-10-30T05:39:03.700386,3334f483-3210-4210-9755-c353f0debdac,2cef05e2-4ed3-404d-a067-3153e035f9ea,74040f5628748874779838fa7a292b09,66,1
2025-10-30T05:39:03.701457,3334f483-3210-4210-9755-c353f0debdac,aa6d4a53-7be2-48fd-8d31-c776b7f4d056,74040f5628748874779838fa7a292b09,50,1
2025-10-30T05:39:03.701457,3334f483-3210-4210-9755-c353f0debdac,6ac678fd-e79b-4270-aa61-0ec1fda93997,74040f5628748874779838fa7a292b09,90,1
2025-10-30T05:39:15.018316,e34a300f-5748-4587-b8ee-e52506773866,a39ac9d6-0cb7-4d8e-80a5-10e9edbc6587,2d1f518956cdc4b3cf6a9447714cfcd0,14,1
2025-10-30T05:39:15.018316,e34a300f-5748-4587-b8ee-e52506773866,5575947a-a35f-4e83-b5e7-a80663c18824,2d1f518956cdc4b3cf6a9447714cfcd0,15,1
2025-10-30T05:39:15.018316,e34a300f-5748-4587-b8ee-e52506773866,9ef6f800-c662-41a6-9e20-29a829f312c8,2d1f518956cdc4b3cf6a9447714cfcd0,16,1
2025-10-30T05:39:15.019822,e34a300f-5748-4587-b8ee-e52506773866,39f3cf55-5c5d-4a48-9fc1-6f10650dc787,2d1f518956cdc4b3cf6a9447714cfcd0,17,1
2025-10-30T05:39:15.020829,e34a300f-5748-4587-b8ee-e52506773866,03b01dbd-834f-4946-ba0b-ba82df22945f,74040f5628748874779838fa7a292b09,96,1
2025-10-30T05:39:15.020829,e34a300f-5748-4587-b8ee-e52506773866,585ea22f-18dc-4a00-91ea-8d6f3ede8e59,2d1f518956cdc4b3cf6a9447714cfcd0,10,1
2025-10-30T05:39:15.021828,e34a300f-5748-4587-b8ee-e52506773866,121f5c9d-4db6-4baf-8ea6-755bf38aeb73,2d1f518956cdc4b3cf6a9447714cfcd0,26,1
2025-10-30T05:39:15.022829,e34a300f-5748-4587-b8ee-e52506773866,22bbf3e2-c5d9-4a29-891a-53f80e5ad2a7,2d1f518956cdc4b3cf6a9447714cfcd0,8,1
2025-10-30T05:39:29.661133,921895ac-5487-46ed-8b0e-eb22caf39be4,9ef6f800-c662-41a6-9e20-29a829f312c8,2d1f518956cdc4b3cf6a9447714cfcd0,16,1
2025-10-30T05:39:29.662642,921895ac-5487-46ed-8b0e-eb22caf39be4,a39ac9d6-0cb7-4d8e-80a5-10e9edbc6587,2d1f518956cdc4b3cf6a9447714cfcd0,14,1
2025-10-30T05:39:29.662981,921895ac-5487-46ed-8b0e-eb22caf39be4,5575947a-a35f-4e83-b5e7-a80663c18824,2d1f518956cdc4b3cf6a9447714cfcd0,15,1
2025-10-30T05:39:29.663758,921895ac-5487-46ed-8b0e-eb22caf39be4,39f3cf55-5c5d-4a48-9fc1-6f10650dc787,2d1f518956cdc4b3cf6a9447714cfcd0,17,1
2025-10-30T05:39:29.663758,921895ac-5487-46ed-8b0e-eb22caf39be4,ca1f40ba-2a24-4228-a9a6-69f79c6d7a5b,74040f5628748874779838fa7a292b09,28,1
2025-10-30T05:39:29.664652,921895ac-5487-46ed-8b0e-eb22caf39be4,cb1398a9-beec-46bc-ad02-b4c41fc89937,74040f5628748874779838fa7a292b09,36,1
2025-10-30T05:39:29.665651,921895ac-5487-46ed-8b0e-eb22caf39be4,c6534df4-9309-406a-b42e-9c7c9863229d,74040f5628748874779838fa7a292b09,29,1
2025-10-30T05:39:29.665651,921895ac-5487-46ed-8b0e-eb22caf39be4,610b9df2-998a-4f10-8459-1fb34110e387,a3aa8203ae0398a1ef263322bcadebc3,44,1
2025-10-30T05:39:46.272179,2f40611e-ed00-4dba-b06a-cc73e84b562b,9e0ebb4c-d794-466c-b4e8-88b04a2b8fa7,2d1f518956cdc4b3cf6a9447714cfcd0,28,1
2025-10-30T05:39:46.273178,2f40611e-ed00-4dba-b06a-cc73e84b562b,b022f3cc-e915-4539-b7d2-5603cae92cb3,1e8e6c622bfb571b0b783d8347182318,15,1
2025-10-30T05:39:46.273178,2f40611e-ed00-4dba-b06a-cc73e84b562b,486071cc-e4c9-4eba-9744-fd5208438cd2,74040f5628748874779838fa7a292b09,85,1
2025-10-30T05:39:46.273178,2f40611e-ed00-4dba-b06a-cc73e84b562b,c9ec6103-e572-4277-967f-823da3caa6c7,2d1f518956cdc4b3cf6a9447714cfcd0,32,1
2025-10-30T05:39:46.273178,2f40611e-ed00-4dba-b06a-cc73e84b562b,d5822128-9e70-4622-860c-4585a4f95bbb,74040f5628748874779838fa7a292b09,10,1
2025-10-30T05:39:46.274180,2f40611e-ed00-4dba-b06a-cc73e84b562b,94c8952b-e256-484e-a227-02d443346e53,74040f5628748874779838fa7a292b09,34,1
2025-10-30T05:39:46.274180,2f40611e-ed00-4dba-b06a-cc73e84b562b,749f5bb6-ca60-4bb5-a8e7-c5d13894dc29,74040f5628748874779838fa7a292b09,93,1
2025-10-30T05:39:46.274180,2f40611e-ed00-4dba-b06a-cc73e84b562b,121f5c9d-4db6-4baf-8ea6-755bf38aeb73,2d1f518956cdc4b3cf6a9447714cfcd0,26,1
2025-10-30T05:39:59.167971,770471a8-8d56-454a-af5a-030c9eb0fdef,b9259d77-44a7-4728-9582-5d23eeaccd8d,2d1f518956cdc4b3cf6a9447714cfcd0,79,1
2025-10-30T05:39:59.167971,770471a8-8d56-454a-af5a-030c9eb0fdef,1585b1b8-44dd-45b2-8008-a1f99498834a,2d1f518956cdc4b3cf6a9447714cfcd0,78,1
2025-10-30T05:39:59.168971,770471a8-8d56-454a-af5a-030c9eb0fdef,6d4eec9e-09e8-43b1-ad89-a92a35eb996c,2d1f518956cdc4b3cf6a9447714cfcd0,67,1
2025-10-30T05:39:59.168971,770471a8-8d56-454a-af5a-030c9eb0fdef,da3e6dbf-e52a-4699-a50d-214d08430766,2d1f518956cdc4b3cf6a9447714cfcd0,75,1
2025-10-30T05:39:59.170015,770471a8-8d56-454a-af5a-030c9eb0fdef,4aaef718-5a88-4798-aff5-eeb2d6a00b49,2d1f518956cdc4b3cf6a9447714cfcd0,74,1
2025-10-30T05:39:59.171500,770471a8-8d56-454a-af5a-030c9eb0fdef,9415844f-9000-43ed-b968-0783a1b96807,2d1f518956cdc4b3cf6a9447714cfcd0,73,1
2025-10-30T05:39:59.172035,770471a8-8d56-454a-af5a-030c9eb0fdef,a8dc38f3-6aed-4587-9a57-f159ae428425,2d1f518956cdc4b3cf6a9447714cfcd0,76,1
2025-10-30T05:39:59.172035,770471a8-8d56-454a-af5a-030c9eb0fdef,459fbec0-21a6-4979-82e1-4fac0d5c3689,2d1f518956cdc4b3cf6a9447714cfcd0,66,1
2025-10-30T05:40:12.669841,2568c188-817c-4850-b514-77ef89780c6b,4cc6ad0b-5900-4ff1-99a7-48a1be07eb44,74040f5628748874779838fa7a292b09,9,1
2025-10-30T05:40:12.669841,2568c188-817c-4850-b514-77ef89780c6b,d5822128-9e70-4622-860c-4585a4f95bbb,74040f5628748874779838fa7a292b09,10,1
2025-10-30T05:40:12.669841,2568c188-817c-4850-b514-77ef89780c6b,46fc947e-9d90-435e-967a-92f1c5bf44ec,74040f5628748874779838fa7a292b09,7,1
2025-10-30T05:40:12.669841,2568c188-817c-4850-b514-77ef89780c6b,dda412bd-2663-4947-b1f6-658744c154e9,74040f5628748874779838fa7a292b09,8,1
2025-10-30T05:40:12.671349,2568c188-817c-4850-b514-77ef89780c6b,b976f14c-77ba-43d3-aeb6-2d0e9d47a12b,1e8e6c622bfb571b0b783d8347182318,32,1
2025-10-30T05:40:12.671349,2568c188-817c-4850-b514-77ef89780c6b,aa6d4a53-7be2-48fd-8d31-c776b7f4d056,74040f5628748874779838fa7a292b09,50,1
2025-10-30T05:40:12.672363,2568c188-817c-4850-b514-77ef89780c6b,749f5bb6-ca60-4bb5-a8e7-c5d13894dc29,74040f5628748874779838fa7a292b09,93,1
2025-10-30T05:40:12.672363,2568c188-817c-4850-b514-77ef89780c6b,a9ab59ef-cb46-4191-96b1-c76dcc25c9ce,a3aa8203ae0398a1ef263322bcadebc3,33,1
2025-10-30T05:40:27.878997,4b3910d9-e33d-4c36-92ae-dc0c55143c53,b976f14c-77ba-43d3-aeb6-2d0e9d47a12b,1e8e6c622bfb571b0b783d8347182318,32,1
2025-10-30T05:40:27.878997,4b3910d9-e33d-4c36-92ae-dc0c55143c53,749f5bb6-ca60-4bb5-a8e7-c5d13894dc29,74040f5628748874779838fa7a292b09,93,1
2025-10-30T05:40:27.880018,4b3910d9-e33d-4c36-92ae-dc0c55143c53,d5822128-9e70-4622-860c-4585a4f95bbb,74040f5628748874779838fa7a292b09,10,1
2025-10-30T05:40:27.880018,4b3910d9-e33d-4c36-92ae-dc0c55143c53,2be8db69-9495-4a92-8e8c-97e54729574e,74040f5628748874779838fa7a292b09,72,1
2025-10-30T05:40:27.880018,4b3910d9-e33d-4c36-92ae-dc0c55143c53,954c15f1-899e-480f-bbc7-50644300a59e,74040f5628748874779838fa7a292b09,88,1
2025-10-30T05:40:27.881013,4b3910d9-e33d-4c36-92ae-dc0c55143c53,909001d2-0ec5-454b-9aac-23b40a51aeaf,ea73ad6304ed438f7e7d4c59ddd227a1,180,1
2025-10-30T05:40:27.881013,4b3910d9-e33d-4c36-92ae-dc0c55143c53,c4e1bff6-573c-4d9b-a621-58fa9c7d6a9e,ea73ad6304ed438f7e7d4c59ddd227a1,142,1
2025-10-30T05:40:27.882013,4b3910d9-e33d-4c36-92ae-dc0c55143c53,03b01dbd-834f-4946-ba0b-ba82df22945f,74040f5628748874779838fa7a292b09,96,1
2025-10-30T05:40:44.486196,7f1091a2-06a2-472a-9d0b-c487d9781e9e,459fbec0-21a6-4979-82e1-4fac0d5c3689,2d1f518956cdc4b3cf6a9447714cfcd0,66,1
2025-10-30T05:40:44.486196,7f1091a2-06a2-472a-9d0b-c487d9781e9e,edd7be7f-aec6-4804-be9d-5456edfbbb60,2d1f518956cdc4b3cf6a9447714cfcd0,69,1
2025-10-30T05:40:44.486196,7f1091a2-06a2-472a-9d0b-c487d9781e9e,45b9275c-e3d5-4a6f-ab1c-c174c69de46f,2d1f518956cdc4b3cf6a9447714cfcd0,77,1
2025-10-30T05:40:44.486196,7f1091a2-06a2-472a-9d0b-c487d9781e9e,cb3662b9-2713-46ca-8146-e67289ac2106,74040f5628748874779838fa7a292b09,49,1
2025-10-30T05:40:44.486196,7f1091a2-06a2-472a-9d0b-c487d9781e9e,6e30d2f9-e0d1-40b9-93f0-f5d668c6aaab,a3aa8203ae0398a1ef263322bcadebc3,40,1
2025-10-30T05:40:44.487194,7f1091a2-06a2-472a-9d0b-c487d9781e9e,4359c1b4-d8b2-4ce5-85cd-4cfc08234c10,2d1f518956cdc4b3cf6a9447714cfcd0,81,1
2025-10-30T05:40:44.487194,7f1091a2-06a2-472a-9d0b-c487d9781e9e,67bc49b4-f6c4-41a6-9578-05c37fd23267,1e8e6c622bfb571b0b783d8347182318,25,1
2025-10-30T05:40:44.487194,7f1091a2-06a2-472a-9d0b-c487d9781e9e,120ce429-ef5c-4c9f-90bf-13dc84918418,2d1f518956cdc4b3cf6a9447714cfcd0,89,1
2025-10-30T05:41:03.124834,1efc3d51-01ce-40e9-848c-e0b0b55cd8a5,a39ac9d6-0cb7-4d8e-80a5-10e9edbc6587,2d1f518956cdc4b3cf6a9447714cfcd0,14,1
2025-10-30T05:41:03.124834,1efc3d51-01ce-40e9-848c-e0b0b55cd8a5,5575947a-a35f-4e83-b5e7-a80663c18824,2d1f518956cdc4b3cf6a9447714cfcd0,15,1
2025-10-30T05:41:03.125886,1efc3d51-01ce-40e9-848c-e0b0b55cd8a5,9ef6f800-c662-41a6-9e20-29a829f312c8,2d1f518956cdc4b3cf6a9447714cfcd0,16,1
2025-10-30T05:41:03.125886,1efc3d51-01ce-40e9-848c-e0b0b55cd8a5,39f3cf55-5c5d-4a48-9fc1-6f10650dc787,2d1f518956cdc4b3cf6a9447714cfcd0,17,1
2025-10-30T05:41:03.126832,1efc3d51-01ce-40e9-848c-e0b0b55cd8a5,585ea22f-18dc-4a00-91ea-8d6f3ede8e59,2d1f518956cdc4b3cf6a9447714cfcd0,10,1
2025-10-30T05:41:03.126832,1efc3d51-01ce-40e9-848c-e0b0b55cd8a5,6164a125-03eb-4fbb-aeb5-678b476a4968,a3aa8203ae0398a1ef263322bcadebc3,6,1
2025-10-30T05:41:03.126832,1efc3d51-01ce-40e9-848c-e0b0b55cd8a5,8e090215-a5fd-4fc5-9970-7f6383417ae5,2d1f518956cdc4b3cf6a9447714cfcd0,20,1
2025-10-30T05:41:03.126832,1efc3d51-01ce-40e9-848c-e0b0b55cd8a5,0ac1b512-2891-4bb8-815e-4afbc79e7958,2d1f518956cdc4b3cf6a9447714cfcd0,21,1
2025-10-30T05:41:14.766602,87443eb8-254b-4ab2-ad84-a359f91d6174,585ea22f-18dc-4a00-91ea-8d6f3ede8e59,2d1f518956cdc4b3cf6a9447714cfcd0,10,1
2025-10-30T05:41:14.766602,87443eb8-254b-4ab2-ad84-a359f91d6174,80f551c4-6721-47f0-a775-129de5d2c478,2d1f518956cdc4b3cf6a9447714cfcd0,13,1
2025-10-30T05:41:14.768618,87443eb8-254b-4ab2-ad84-a359f91d6174,c085b2a0-379e-4218-bc58-0bda92a8eefc,2d1f518956cdc4b3cf6a9447714cfcd0,12,1
2025-10-30T05:41:14.769192,87443eb8-254b-4ab2-ad84-a359f91d6174,0ff2dd65-b7a6-4897-b497-a92c3f87ff48,2d1f518956cdc4b3cf6a9447714cfcd0,11,1
2025-10-30T05:41:14.769704,87443eb8-254b-4ab2-ad84-a359f91d6174,39f3cf55-5c5d-4a48-9fc1-6f10650dc787,2d1f518956cdc4b3cf6a9447714cfcd0,17,1
2025-10-30T05:41:14.769704,87443eb8-254b-4ab2-ad84-a359f91d6174,9ef6f800-c662-41a6-9e20-29a829f312c8,2d1f518956cdc4b3cf6a9447714cfcd0,16,1
2025-10-30T05:41:14.770456,87443eb8-254b-4ab2-ad84-a359f91d6174,a39ac9d6-0cb7-4d8e-80a5-10e9edbc6587,2d1f518956cdc4b3cf6a9447714cfcd0,14,1
2025-10-30T05:41:14.771474,87443eb8-254b-4ab2-ad84-a359f91d6174,5575947a-a35f-4e83-b5e7-a80663c18824,2d1f518956cdc4b3cf6a9447714cfcd0,15,1
2025-10-30T05:41:32.516124,60dab21f-20e9-40eb-8afe-3eb70d328bb9,5575947a-a35f-4e83-b5e7-a80663c18824,2d1f518956cdc4b3cf6a9447714cfcd0,15,1
2025-10-30T05:41:32.516124,60dab21f-20e9-40eb-8afe-3eb70d328bb9,9ef6f800-c662-41a6-9e20-29a829f312c8,2d1f518956cdc4b3cf6a9447714cfcd0,16,1
2025-10-30T05:41:32.517124,60dab21f-20e9-40eb-8afe-3eb70d328bb9,a39ac9d6-0cb7-4d8e-80a5-10e9edbc6587,2d1f518956cdc4b3cf6a9447714cfcd0,14,1
2025-10-30T05:41:32.517124,60dab21f-20e9-40eb-8afe-3eb70d328bb9,39f3cf55-5c5d-4a48-9fc1-6f10650dc787,2d1f518956cdc4b3cf6a9447714cfcd0,17,1
2025-10-30T05:41:32.518121,60dab21f-20e9-40eb-8afe-3eb70d328bb9,585ea22f-18dc-4a00-91ea-8d6f3ede8e59,2d1f518956cdc4b3cf6a9447714cfcd0,10,1
2025-10-30T05:41:32.518121,60dab21f-20e9-40eb-8afe-3eb70d328bb9,c085b2a0-379e-4218-bc58-0bda92a8eefc,2d1f518956cdc4b3cf6a9447714cfcd0,12,1
2025-10-30T05:41:32.519127,60dab21f-20e9-40eb-8afe-3eb70d328bb9,0ff2dd65-b7a6-4897-b497-a92c3f87ff48,2d1f518956cdc4b3cf6a9447714cfcd0,11,1
2025-10-30T05:41:32.519127,60dab21f-20e9-40eb-8afe-3eb70d328bb9,80f551c4-6721-47f0-a775-129de5d2c478,2d1f518956cdc4b3cf6a9447714cfcd0,13,1
2025-10-30T05:41:48.026339,ff1b6596-a801-417e-aa6b-5a7f8a5cc1e7,bb2499c7-f7e3-4af6-9481-63623d92dc0e,ea73ad6304ed438f7e7d4c59ddd227a1,79,1
2025-10-30T05:41:48.028195,ff1b6596-a801-417e-aa6b-5a7f8a5cc1e7,0266aa73-f1b8-497f-8aff-9236f77977be,ea73ad6304ed438f7e7d4c59ddd227a1,5,1
2025-10-30T05:41:48.028860,ff1b6596-a801-417e-aa6b-5a7f8a5cc1e7,6f257004-aa37-41fb-aac2-02bbe9adb61c,ea73ad6304ed438f7e7d4c59ddd227a1,15,1
2025-10-30T05:41:48.029866,ff1b6596-a801-417e-aa6b-5a7f8a5cc1e7,75a550b7-b340-40e0-bc56-75c330e74f08,ea73ad6304ed438f7e7d4c59ddd227a1,25,1
2025-10-30T05:41:48.030857,ff1b6596-a801-417e-aa6b-5a7f8a5cc1e7,d5d24296-7da3-4a4f-8d3a-18d348e0201d,ea73ad6304ed438f7e7d4c59ddd227a1,30,1
2025-10-30T05:41:48.030857,ff1b6596-a801-417e-aa6b-5a7f8a5cc1e7,8ebd9b57-06c9-41b9-901f-579fecb48d2d,ea73ad6304ed438f7e7d4c59ddd227a1,31,1
2025-10-30T05:41:48.031856,ff1b6596-a801-417e-aa6b-5a7f8a5cc1e7,13d84409-1109-4091-81ae-bc5ec0e2ccd2,ea73ad6304ed438f7e7d4c59ddd227a1,36,1
2025-10-30T05:41:48.031856,ff1b6596-a801-417e-aa6b-5a7f8a5cc1e7,3ccc777a-2647-4979-b26b-ad9be7f72424,ea73ad6304ed438f7e7d4c59ddd227a1,54,1
2025-10-30T05:42:46.623360,a028b951-5861-4e3d-a535-fa99ea4ac836,ad50046c-f2e5-486b-a12a-1a17c8b29f22,74040f5628748874779838fa7a292b09,78,1
2025-10-30T05:42:46.624272,a028b951-5861-4e3d-a535-fa99ea4ac836,a5f252de-95f2-4727-9e80-f014a14d3a17,74040f5628748874779838fa7a292b09,100,1
2025-10-30T05:42:46.624272,a028b951-5861-4e3d-a535-fa99ea4ac836,c1444a9c-47b1-4fb8-b7b9-08a009ebaeee,74040f5628748874779838fa7a292b09,101,1
2025-10-30T05:42:46.625318,a028b951-5861-4e3d-a535-fa99ea4ac836,a76d480c-1ff1-4987-b75c-bcade20a7d76,74040f5628748874779838fa7a292b09,20,1
2025-10-30T05:42:46.625938,a028b951-5861-4e3d-a535-fa99ea4ac836,dda412bd-2663-4947-b1f6-658744c154e9,74040f5628748874779838fa7a292b09,8,1
2025-10-30T05:42:46.627034,a028b951-5861-4e3d-a535-fa99ea4ac836,46fc947e-9d90-435e-967a-92f1c5bf44ec,74040f5628748874779838fa7a292b09,7,1
2025-10-30T05:42:46.627898,a028b951-5861-4e3d-a535-fa99ea4ac836,11d99915-62c6-4562-a823-b0028226f81a,74040f5628748874779838fa7a292b09,68,1
2025-10-30T05:42:46.627898,a028b951-5861-4e3d-a535-fa99ea4ac836,df838a35-a7d7-46b8-be23-bec32252dab3,a3aa8203ae0398a1ef263322bcadebc3,1,1
2025-10-30T05:43:03.067829,2f9e36d2-b08c-49ff-93b2-d515cd7119f9,4dfe74a0-5bce-4708-b4e0-0d924ebf8694,74040f5628748874779838fa7a292b09,45,1
2025-10-30T05:43:03.069036,2f9e36d2-b08c-49ff-93b2-d515cd7119f9,e1ffa6af-de31-45b5-a59f-3e1efc556c0e,74040f5628748874779838fa7a292b09,48,1
2025-10-30T05:43:03.069036,2f9e36d2-b08c-49ff-93b2-d515cd7119f9,f0ca9974-9dd9-496a-9bd1-831efe8a4396,74040f5628748874779838fa7a292b09,43,1
2025-10-30T05:43:03.069036,2f9e36d2-b08c-49ff-93b2-d515cd7119f9,03b01dbd-834f-4946-ba0b-ba82df22945f,74040f5628748874779838fa7a292b09,96,1
2025-10-30T05:43:03.070288,2f9e36d2-b08c-49ff-93b2-d515cd7119f9,f592cd85-9636-465f-8738-9a5344111a43,74040f5628748874779838fa7a292b09,76,1
2025-10-30T05:43:03.072393,2f9e36d2-b08c-49ff-93b2-d515cd7119f9,4cc2ed84-3b24-45ba-99ea-3ac1ad943220,74040f5628748874779838fa7a292b09,69,1
2025-10-30T05:43:03.073350,2f9e36d2-b08c-49ff-93b2-d515cd7119f9,68577401-2f77-4c0c-b247-322c5bf3fe47,74040f5628748874779838fa7a292b09,64,1
2025-10-30T05:43:03.073350,2f9e36d2-b08c-49ff-93b2-d515cd7119f9,f66bec27-eb21-449a-9516-eacf58466126,74040f5628748874779838fa7a292b09,73,1
2025-10-30T05:43:20.229497,229a462c-ffa9-4523-aac7-3ab2553d72b1,54426756-448d-4bd9-8e4f-8e4557df47f2,74040f5628748874779838fa7a292b09,31,1
2025-10-30T05:43:20.229497,229a462c-ffa9-4523-aac7-3ab2553d72b1,93e9b5cd-3726-4d40-b452-c0a665cfd5ac,74040f5628748874779838fa7a292b09,30,1
2025-10-30T05:43:20.230503,229a462c-ffa9-4523-aac7-3ab2553d72b1,cb1398a9-beec-46bc-ad02-b4c41fc89937,74040f5628748874779838fa7a292b09,36,1
2025-10-30T05:43:20.230503,229a462c-ffa9-4523-aac7-3ab2553d72b1,085ddb06-c0b1-47e6-b9f5-fd32bb63ab51,74040f5628748874779838fa7a292b09,5,1
2025-10-30T05:43:20.231502,229a462c-ffa9-4523-aac7-3ab2553d72b1,24421ff6-a9dc-4acc-af1f-1628006e3af7,74040f5628748874779838fa7a292b09,57,1
2025-10-30T05:43:20.231502,229a462c-ffa9-4523-aac7-3ab2553d72b1,9088ce76-eb00-481b-b7d6-ac4da8ceb7da,74040f5628748874779838fa7a292b09,61,1
2025-10-30T05:43:20.232502,229a462c-ffa9-4523-aac7-3ab2553d72b1,4c582511-3638-4ba7-87da-6cd6e2265ef8,74040f5628748874779838fa7a292b09,52,1
2025-10-30T05:43:20.232502,229a462c-ffa9-4523-aac7-3ab2553d72b1,4daf3c46-807c-4898-8e69-f9e88f4398c8,74040f5628748874779838fa7a292b09,59,1
2025-10-30T05:43:32.246168,60b138f4-d043-4f55-8319-a0eb853a65d9,e1ffa6af-de31-45b5-a59f-3e1efc556c0e,74040f5628748874779838fa7a292b09,48,1
2025-10-30T05:43:32.247588,60b138f4-d043-4f55-8319-a0eb853a65d9,f7aea945-c392-42df-a180-81575f8ba787,74040f5628748874779838fa7a292b09,47,1
2025-10-30T05:43:32.247588,60b138f4-d043-4f55-8319-a0eb853a65d9,4aa82637-5a73-4f36-af1e-d802c9e69542,ea73ad6304ed438f7e7d4c59ddd227a1,65,1
2025-10-30T05:43:32.248599,60b138f4-d043-4f55-8319-a0eb853a65d9,7e262130-c6de-4b07-86e2-effd98c4f233,a3aa8203ae0398a1ef263322bcadebc3,21,1
2025-10-30T05:43:32.249695,60b138f4-d043-4f55-8319-a0eb853a65d9,f0ca9974-9dd9-496a-9bd1-831efe8a4396,74040f5628748874779838fa7a292b09,43,1
2025-10-30T05:43:32.249695,60b138f4-d043-4f55-8319-a0eb853a65d9,a4bc096a-9371-4fbc-98ed-1cda5cecf003,1e8e6c622bfb571b0b783d8347182318,2,1
2025-10-30T05:43:32.250698,60b138f4-d043-4f55-8319-a0eb853a65d9,59b25f63-b051-4510-aa5d-a1c2da21d836,74040f5628748874779838fa7a292b09,46,1
2025-10-30T05:43:32.250698,60b138f4-d043-4f55-8319-a0eb853a65d9,fc642122-1a60-4a6f-8595-df706cb17b91,a3aa8203ae0398a1ef263322bcadebc3,16,1
2025-10-30T05:43:49.180802,812bc8a4-2306-48fd-ae80-c4b29253f44f,9088ce76-eb00-481b-b7d6-ac4da8ceb7da,74040f5628748874779838fa7a292b09,61,1
2025-10-30T05:43:49.181818,812bc8a4-2306-48fd-ae80-c4b29253f44f,24421ff6-a9dc-4acc-af1f-1628006e3af7,74040f5628748874779838fa7a292b09,57,1
2025-10-30T05:43:49.182802,812bc8a4-2306-48fd-ae80-c4b29253f44f,4c582511-3638-4ba7-87da-6cd6e2265ef8,74040f5628748874779838fa7a292b09,52,1
2025-10-30T05:43:49.182802,812bc8a4-2306-48fd-ae80-c4b29253f44f,4daf3c46-807c-4898-8e69-f9e88f4398c8,74040f5628748874779838fa7a292b09,59,1
2025-10-30T05:43:49.182802,812bc8a4-2306-48fd-ae80-c4b29253f44f,c970c90d-0762-45de-915c-03cc19bf0f88,74040f5628748874779838fa7a292b09,55,1
2025-10-30T05:43:49.183801,812bc8a4-2306-48fd-ae80-c4b29253f44f,456c77ce-ff38-43aa-9377-eb8c75366580,74040f5628748874779838fa7a292b09,58,1
2025-10-30T05:43:49.183801,812bc8a4-2306-48fd-ae80-c4b29253f44f,085ddb06-c0b1-47e6-b9f5-fd32bb63ab51,74040f5628748874779838fa7a292b09,5,1
2025-10-30T05:43:49.184803,812bc8a4-2306-48fd-ae80-c4b29253f44f,cb3662b9-2713-46ca-8146-e67289ac2106,74040f5628748874779838fa7a292b09,49,1
2025-10-30T05:44:01.365257,249385b1-a820-47b6-8ff2-f98f342b5a85,94c8952b-e256-484e-a227-02d443346e53,74040f5628748874779838fa7a292b09,34,1
2025-10-30T05:44:01.366148,249385b1-a820-47b6-8ff2-f98f342b5a85,cb1398a9-beec-46bc-ad02-b4c41fc89937,74040f5628748874779838fa7a292b09,36,1
2025-10-30T05:44:01.367149,249385b1-a820-47b6-8ff2-f98f342b5a85,3fb64b6d-aa05-4783-ad40-2d6bd17f95eb,74040f5628748874779838fa7a292b09,103,1
2025-10-30T05:44:01.368163,249385b1-a820-47b6-8ff2-f98f342b5a85,ba6f2f9a-209f-448e-b039-1bd8b8d98fe3,74040f5628748874779838fa7a292b09,87,1
2025-10-30T05:44:01.368664,249385b1-a820-47b6-8ff2-f98f342b5a85,03b01dbd-834f-4946-ba0b-ba82df22945f,74040f5628748874779838fa7a292b09,96,1
2025-10-30T05:44:01.369169,249385b1-a820-47b6-8ff2-f98f342b5a85,f5194547-2516-46ac-8597-90a5c69e9cd1,a3aa8203ae0398a1ef263322bcadebc3,22,1
2025-10-30T05:44:01.370683,249385b1-a820-47b6-8ff2-f98f342b5a85,d032252c-fefd-4e6c-920a-fee9101f31e6,74040f5628748874779838fa7a292b09,60,1
2025-10-30T05:44:01.370683,249385b1-a820-47b6-8ff2-f98f342b5a85,dda412bd-2663-4947-b1f6-658744c154e9,74040f5628748874779838fa7a292b09,8,1
2025-10-30T05:44:16.439079,b18342a0-d973-47d8-8a95-fb7bdcf07592,2505e30f-39dc-4823-bfc3-7d63bf3562e4,ea73ad6304ed438f7e7d4c59ddd227a1,39,1
2025-10-30T05:44:16.439079,b18342a0-d973-47d8-8a95-fb7bdcf07592,68fcf0ed-9906-4c30-8fd6-202f912910a5,ea73ad6304ed438f7e7d4c59ddd227a1,108,1
2025-10-30T05:44:16.440078,b18342a0-d973-47d8-8a95-fb7bdcf07592,b384e476-ef5c-4b4f-8883-b0da272e1f0e,ea73ad6304ed438f7e7d4c59ddd227a1,11,1
2025-10-30T05:44:16.440078,b18342a0-d973-47d8-8a95-fb7bdcf07592,2cef05e2-4ed3-404d-a067-3153e035f9ea,74040f5628748874779838fa7a292b09,66,1
2025-10-30T05:44:16.440078,b18342a0-d973-47d8-8a95-fb7bdcf07592,d47873c1-d28c-47e4-8f18-570c7c830d1f,ea73ad6304ed438f7e7d4c59ddd227a1,8,1
2025-10-30T05:44:16.442078,b18342a0-d973-47d8-8a95-fb7bdcf07592,a4e66e81-91a6-4516-a4bb-4e29065f9a01,ea73ad6304ed438f7e7d4c59ddd227a1,23,1
2025-10-30T05:44:16.443077,b18342a0-d973-47d8-8a95-fb7bdcf07592,5bd4fee8-4c7c-4d4c-8fee-ca17f8295d66,ea73ad6304ed438f7e7d4c59ddd227a1,128,1
2025-10-30T05:44:16.444073,b18342a0-d973-47d8-8a95-fb7bdcf07592,b78eb7df-a71e-43d3-bc6b-046e3c29b65a,ea73ad6304ed438f7e7d4c59ddd227a1,155,1
2025-10-30T05:44:28.093743,2ac03539-8d53-42f0-a1c4-af5e9bd4e9cf,2cef05e2-4ed3-404d-a067-3153e035f9ea,74040f5628748874779838fa7a292b09,66,1
2025-10-30T05:44:28.094694,2ac03539-8d53-42f0-a1c4-af5e9bd4e9cf,17e6c952-caca-467c-9e8f-77f08fcefa52,ea73ad6304ed438f7e7d4c59ddd227a1,83,1
2025-10-30T05:44:28.095690,2ac03539-8d53-42f0-a1c4-af5e9bd4e9cf,cfa68116-064b-48b1-a7d5-0634c3b55576,ea73ad6304ed438f7e7d4c59ddd227a1,12,1
2025-10-30T05:44:28.095690,2ac03539-8d53-42f0-a1c4-af5e9bd4e9cf,03b01dbd-834f-4946-ba0b-ba82df22945f,74040f5628748874779838fa7a292b09,96,1
2025-10-30T05:44:28.096686,2ac03539-8d53-42f0-a1c4-af5e9bd4e9cf,6f257004-aa37-41fb-aac2-02bbe9adb61c,ea73ad6304ed438f7e7d4c59ddd227a1,15,1
2025-10-30T05:44:28.096686,2ac03539-8d53-42f0-a1c4-af5e9bd4e9cf,5c857f48-d2a7-49d9-bc55-367b64461c7f,ea73ad6304ed438f7e7d4c59ddd227a1,84,1
2025-10-30T05:44:28.097690,2ac03539-8d53-42f0-a1c4-af5e9bd4e9cf,a4e66e81-91a6-4516-a4bb-4e29065f9a01,ea73ad6304ed438f7e7d4c59ddd227a1,23,1
2025-10-30T05:44:28.098687,2ac03539-8d53-42f0-a1c4-af5e9bd4e9cf,968dd056-3fbd-417d-a690-f4dd244e717d,ea73ad6304ed438f7e7d4c59ddd227a1,88,1
2025-10-30T05:44:46.954792,4364d544-69d6-4c4f-8ddb-702a78bde746,bb2cff91-f625-49cd-9947-dcc074ca9594,74040f5628748874779838fa7a292b09,84,1
2025-10-30T05:44:46.954792,4364d544-69d6-4c4f-8ddb-702a78bde746,749f5bb6-ca60-4bb5-a8e7-c5d13894dc29,74040f5628748874779838fa7a292b09,93,1
2025-10-30T05:44:46.955806,4364d544-69d6-4c4f-8ddb-702a78bde746,aa6d4a53-7be2-48fd-8d31-c776b7f4d056,74040f5628748874779838fa7a292b09,50,1
2025-10-30T05:44:46.955806,4364d544-69d6-4c4f-8ddb-702a78bde746,d5822128-9e70-4622-860c-4585a4f95bbb,74040f5628748874779838fa7a292b09,10,1
2025-10-30T05:44:46.957754,4364d544-69d6-4c4f-8ddb-702a78bde746,71f15e6c-294e-403f-a429-289ecd577f32,74040f5628748874779838fa7a292b09,15,1
2025-10-30T05:44:46.958325,4364d544-69d6-4c4f-8ddb-702a78bde746,e90228ce-d670-44c1-9323-088808925bde,74040f5628748874779838fa7a292b09,16,1
2025-10-30T05:44:46.958325,4364d544-69d6-4c4f-8ddb-702a78bde746,f3fd5fe2-923d-413f-b2d4-9ed977b50008,74040f5628748874779838fa7a292b09,2,1
2025-10-30T05:44:46.959324,4364d544-69d6-4c4f-8ddb-702a78bde746,70f44d27-9832-4c6a-8c27-2886fd1ce052,74040f5628748874779838fa7a292b09,63,1
2025-10-30T05:44:58.705207,a330a8f5-ced9-48d9-928d-701427346f3b,35c019f1-5655-4599-9132-4c233974efb4,a3aa8203ae0398a1ef263322bcadebc3,7,1
2025-10-30T05:44:58.705207,a330a8f5-ced9-48d9-928d-701427346f3b,2cf0b2c4-b9d6-4b6f-87b5-d09b1015e4e3,a3aa8203ae0398a1ef263322bcadebc3,9,1
2025-10-30T05:44:58.706172,a330a8f5-ced9-48d9-928d-701427346f3b,116126fb-5611-4064-b54b-fa5741c1cc70,a3aa8203ae0398a1ef263322bcadebc3,8,1
2025-10-30T05:44:58.706172,a330a8f5-ced9-48d9-928d-701427346f3b,99fe2e78-4206-4e49-a77b-a91f75e2cfbc,a3aa8203ae0398a1ef263322bcadebc3,10,1
2025-10-30T05:44:58.707171,a330a8f5-ced9-48d9-928d-701427346f3b,e0c01d3b-4aca-41d3-aed5-117089200c02,1e8e6c622bfb571b0b783d8347182318,26,1
2025-10-30T05:45:12.379135,5c04f8b9-bca4-4e0e-9e7f-6151a047e49a,fdd5ed35-e6b0-41f1-b426-ee00fcf48a23,a3aa8203ae0398a1ef263322bcadebc3,14,1
2025-10-30T05:45:31.278533,1137dbde-37a5-494b-8b1b-9795fe8ab9ce,aa6d4a53-7be2-48fd-8d31-c776b7f4d056,74040f5628748874779838fa7a292b09,50,1
2025-10-30T05:45:31.278533,1137dbde-37a5-494b-8b1b-9795fe8ab9ce,cb1398a9-beec-46bc-ad02-b4c41fc89937,74040f5628748874779838fa7a292b09,36,1
2025-10-30T05:45:31.279533,1137dbde-37a5-494b-8b1b-9795fe8ab9ce,c755b07d-f107-4fd0-bed0-6f02dfaeb94f,74040f5628748874779838fa7a292b09,62,1
2025-10-30T05:45:31.279533,1137dbde-37a5-494b-8b1b-9795fe8ab9ce,8be31b26-edef-46ce-b406-6bb3b112026f,1e8e6c622bfb571b0b783d8347182318,106,1
2025-10-30T05:45:31.280604,1137dbde-37a5-494b-8b1b-9795fe8ab9ce,e04e9631-a9f1-4b95-9a3a-22a192e6686d,1e8e6c622bfb571b0b783d8347182318,92,1
2025-10-30T05:45:31.280604,1137dbde-37a5-494b-8b1b-9795fe8ab9ce,eba5b476-123d-4af2-81a9-0baabebcc82e,1e8e6c622bfb571b0b783d8347182318,94,1
2025-10-30T05:45:31.281632,1137dbde-37a5-494b-8b1b-9795fe8ab9ce,2cf0b2c4-b9d6-4b6f-87b5-d09b1015e4e3,a3aa8203ae0398a1ef263322bcadebc3,9,1
2025-10-30T05:45:31.282531,1137dbde-37a5-494b-8b1b-9795fe8ab9ce,e90228ce-d670-44c1-9323-088808925bde,74040f5628748874779838fa7a292b09,16,1
2025-10-30T05:45:50.535981,1aae1bab-6820-4024-ae03-989d7f28dee2,03b01dbd-834f-4946-ba0b-ba82df22945f,74040f5628748874779838fa7a292b09,96,1
2025-10-30T05:45:50.535981,1aae1bab-6820-4024-ae03-989d7f28dee2,f5194547-2516-46ac-8597-90a5c69e9cd1,a3aa8203ae0398a1ef263322bcadebc3,22,1
2025-10-30T05:45:50.537395,1aae1bab-6820-4024-ae03-989d7f28dee2,6c7bc5ef-6e61-4030-9955-570fb53ad42b,2d1f518956cdc4b3cf6a9447714cfcd0,46,1
2025-10-30T05:45:50.537903,1aae1bab-6820-4024-ae03-989d7f28dee2,8c72feb8-74f7-47a5-aed9-89c5ccfe03d7,2d1f518956cdc4b3cf6a9447714cfcd0,47,1
2025-10-30T05:45:50.537903,1aae1bab-6820-4024-ae03-989d7f28dee2,3b7dffd0-0f01-4e49-8188-9e2bf69c1ac0,2d1f518956cdc4b3cf6a9447714cfcd0,43,1
2025-10-30T05:45:50.538911,1aae1bab-6820-4024-ae03-989d7f28dee2,5cc11985-79f7-4f27-88e2-2a846909b029,2d1f518956cdc4b3cf6a9447714cfcd0,44,1
2025-10-30T05:45:50.540058,1aae1bab-6820-4024-ae03-989d7f28dee2,de3d4e2e-8eff-4918-88ae-ba22a0b9cff9,2d1f518956cdc4b3cf6a9447714cfcd0,48,1
2025-10-30T05:45:50.540058,1aae1bab-6820-4024-ae03-989d7f28dee2,d9e86204-928b-410b-bb26-025294e4edff,2d1f518956cdc4b3cf6a9447714cfcd0,45,1
2025-10-30T05:46:10.820121,0c1616f5-75fe-41b6-9cd8-404d7b7bfc6d,1ef5967d-2da4-4b66-81ea-7b20455e98f5,a3aa8203ae0398a1ef263322bcadebc3,42,1
2025-10-30T05:46:10.820121,0c1616f5-75fe-41b6-9cd8-404d7b7bfc6d,ef0a19c1-59f3-429d-a52a-8248d0ca2498,a3aa8203ae0398a1ef263322bcadebc3,45,1
2025-10-30T05:46:10.821560,0c1616f5-75fe-41b6-9cd8-404d7b7bfc6d,753a6dc9-1640-468e-b80d-e7fabf765452,a3aa8203ae0398a1ef263322bcadebc3,38,1
2025-10-30T05:46:10.821560,0c1616f5-75fe-41b6-9cd8-404d7b7bfc6d,295e7453-8be7-456c-9d84-ea79c4f71a05,a3aa8203ae0398a1ef263322bcadebc3,12,1
2025-10-30T05:46:10.822219,0c1616f5-75fe-41b6-9cd8-404d7b7bfc6d,610b9df2-998a-4f10-8459-1fb34110e387,a3aa8203ae0398a1ef263322bcadebc3,44,1
2025-10-30T05:46:10.822728,0c1616f5-75fe-41b6-9cd8-404d7b7bfc6d,2cf0b2c4-b9d6-4b6f-87b5-d09b1015e4e3,a3aa8203ae0398a1ef263322bcadebc3,9,1
2025-10-30T05:46:10.822728,0c1616f5-75fe-41b6-9cd8-404d7b7bfc6d,99fe2e78-4206-4e49-a77b-a91f75e2cfbc,a3aa8203ae0398a1ef263322bcadebc3,10,1
2025-10-30T05:46:10.823804,0c1616f5-75fe-41b6-9cd8-404d7b7bfc6d,116126fb-5611-4064-b54b-fa5741c1cc70,a3aa8203ae0398a1ef263322bcadebc3,8,1
2025-10-30T05:46:24.816949,a38bcb3e-2c34-4ebe-9343-70c3799dea23,753a6dc9-1640-468e-b80d-e7fabf765452,a3aa8203ae0398a1ef263322bcadebc3,38,1
2025-10-30T05:46:24.817930,a38bcb3e-2c34-4ebe-9343-70c3799dea23,610b9df2-998a-4f10-8459-1fb34110e387,a3aa8203ae0398a1ef263322bcadebc3,44,1
2025-10-30T05:46:52.709625,197851e3-450a-402c-b35c-2db2f51aea80,f42ef349-0de4-454c-adfe-dbd778d7e93c,a3aa8203ae0398a1ef263322bcadebc3,11,1
2025-10-30T05:46:52.709625,197851e3-450a-402c-b35c-2db2f51aea80,2cf0b2c4-b9d6-4b6f-87b5-d09b1015e4e3,a3aa8203ae0398a1ef263322bcadebc3,9,1
2025-10-30T05:46:52.710678,197851e3-450a-402c-b35c-2db2f51aea80,bb2cff91-f625-49cd-9947-dcc074ca9594,74040f5628748874779838fa7a292b09,84,1
2025-10-30T05:46:52.711623,197851e3-450a-402c-b35c-2db2f51aea80,38ce6feb-c4a8-4755-8468-41a85469a517,74040f5628748874779838fa7a292b09,6,1
2025-10-30T05:46:52.711623,197851e3-450a-402c-b35c-2db2f51aea80,35c019f1-5655-4599-9132-4c233974efb4,a3aa8203ae0398a1ef263322bcadebc3,7,1
2025-10-30T05:46:52.713156,197851e3-450a-402c-b35c-2db2f51aea80,cfa68116-064b-48b1-a7d5-0634c3b55576,ea73ad6304ed438f7e7d4c59ddd227a1,12,1
2025-10-30T05:46:52.714279,197851e3-450a-402c-b35c-2db2f51aea80,cb1398a9-beec-46bc-ad02-b4c41fc89937,74040f5628748874779838fa7a292b09,36,1
2025-10-30T05:46:52.714279,197851e3-450a-402c-b35c-2db2f51aea80,c6534df4-9309-406a-b42e-9c7c9863229d,74040f5628748874779838fa7a292b09,29,1
2025-10-30T05:47:07.037986,f5bfb965-93c9-465b-8609-9c3e327896e8,03b01dbd-834f-4946-ba0b-ba82df22945f,74040f5628748874779838fa7a292b09,96,1
2025-10-30T05:47:07.038870,f5bfb965-93c9-465b-8609-9c3e327896e8,f5194547-2516-46ac-8597-90a5c69e9cd1,a3aa8203ae0398a1ef263322bcadebc3,22,1
2025-10-30T05:47:07.038870,f5bfb965-93c9-465b-8609-9c3e327896e8,cb2c7546-6478-47cc-b882-ca62ad587f99,a3aa8203ae0398a1ef263322bcadebc3,25,1
2025-10-30T05:47:07.039870,f5bfb965-93c9-465b-8609-9c3e327896e8,298fd76c-7e59-4c0a-b199-13e1d23c00e6,a3aa8203ae0398a1ef263322bcadebc3,20,1
2025-10-30T05:47:07.040867,f5bfb965-93c9-465b-8609-9c3e327896e8,a65e2d41-c79e-44f2-927f-f3ff58c7742e,a3aa8203ae0398a1ef263322bcadebc3,31,1
2025-10-30T05:47:07.040867,f5bfb965-93c9-465b-8609-9c3e327896e8,49a505a1-f7ee-4af3-b045-dc59e97bf446,a3aa8203ae0398a1ef263322bcadebc3,30,1
2025-10-30T05:47:07.041882,f5bfb965-93c9-465b-8609-9c3e327896e8,b81f7999-b670-470b-9e00-d1945c5d88f2,2d1f518956cdc4b3cf6a9447714cfcd0,55,1
2025-10-30T05:47:07.041882,f5bfb965-93c9-465b-8609-9c3e327896e8,e546ef1a-904c-4c3c-944c-d1f125f01323,2d1f518956cdc4b3cf6a9447714cfcd0,54,1
2025-10-30T05:47:20.460720,2b0aedd0-3805-492c-aa29-1e391b9de082,480267fc-1960-4e00-8f7e-65986dc8b9af,a3aa8203ae0398a1ef263322bcadebc3,5,1
2025-10-30T05:47:20.460720,2b0aedd0-3805-492c-aa29-1e391b9de082,cb1398a9-beec-46bc-ad02-b4c41fc89937,74040f5628748874779838fa7a292b09,36,1
2025-10-30T05:47:20.462213,2b0aedd0-3805-492c-aa29-1e391b9de082,2f5fbff5-5586-4c09-aedf-553ba772b84b,ea73ad6304ed438f7e7d4c59ddd227a1,173,1
2025-10-30T05:47:20.462213,2b0aedd0-3805-492c-aa29-1e391b9de082,08eb7da1-5c3b-4f6e-99cc-8ee87184d529,ea73ad6304ed438f7e7d4c59ddd227a1,171,1
2025-10-30T05:47:20.463511,2b0aedd0-3805-492c-aa29-1e391b9de082,0995e725-9892-4350-832e-5168f6ca8ccd,ea73ad6304ed438f7e7d4c59ddd227a1,131,1
2025-10-30T05:47:20.463511,2b0aedd0-3805-492c-aa29-1e391b9de082,6fa5f75d-8166-43ff-8f4c-ccf8c0da943e,ea73ad6304ed438f7e7d4c59ddd227a1,129,1
2025-10-30T05:47:20.464511,2b0aedd0-3805-492c-aa29-1e391b9de082,acb1efa9-b420-4886-839c-471e636b3e87,ea73ad6304ed438f7e7d4c59ddd227a1,145,1
2025-10-30T05:47:20.465131,2b0aedd0-3805-492c-aa29-1e391b9de082,fc52023b-bcda-427a-b9e5-d98b8d2ed2ed,ea73ad6304ed438f7e7d4c59ddd227a1,146,1
2025-10-30T05:47:34.655003,470abcef-5fb4-4f5c-a1d3-25938d6cb5de,71cd5278-fdac-4d0a-9b09-b888e49e704e,ea73ad6304ed438f7e7d4c59ddd227a1,196,1
2025-10-30T05:47:34.656517,470abcef-5fb4-4f5c-a1d3-25938d6cb5de,b373f6f8-c09b-44bf-ab02-925d139e6b6e,ea73ad6304ed438f7e7d4c59ddd227a1,197,1
2025-10-30T05:47:34.656946,470abcef-5fb4-4f5c-a1d3-25938d6cb5de,13077c9d-f3b0-43cb-a344-8558f9cf1e19,ea73ad6304ed438f7e7d4c59ddd227a1,179,1
2025-10-30T05:47:34.657456,470abcef-5fb4-4f5c-a1d3-25938d6cb5de,1d9cbd5a-5c92-4aec-8bb1-99a45e6c9c71,ea73ad6304ed438f7e7d4c59ddd227a1,200,1
2025-10-30T05:47:34.657456,470abcef-5fb4-4f5c-a1d3-25938d6cb5de,cea578b9-255e-4efb-9fb5-01fe6a3f549a,ea73ad6304ed438f7e7d4c59ddd227a1,181,1
2025-10-30T05:47:34.657456,470abcef-5fb4-4f5c-a1d3-25938d6cb5de,99fe2e78-4206-4e49-a77b-a91f75e2cfbc,a3aa8203ae0398a1ef263322bcadebc3,10,1
2025-10-30T05:47:34.658775,470abcef-5fb4-4f5c-a1d3-25938d6cb5de,f8ccb52a-7a5e-4d0b-aa87-128257e4a528,ea73ad6304ed438f7e7d4c59ddd227a1,199,1
2025-10-30T05:47:34.659283,470abcef-5fb4-4f5c-a1d3-25938d6cb5de,2cf0b2c4-b9d6-4b6f-87b5-d09b1015e4e3,a3aa8203ae0398a1ef263322bcadebc3,9,1
2025-10-30T05:47:49.173652,8693f5e0-d03e-4ac6-8c1a-d7f35922fc65,ac1ef92e-e069-45e6-9e91-3f4dd60c67c5,ea73ad6304ed438f7e7d4c59ddd227a1,62,1
2025-10-30T05:47:49.174652,8693f5e0-d03e-4ac6-8c1a-d7f35922fc65,325db6a2-605d-4c1f-a0e6-0e9e4ab4c24c,ea73ad6304ed438f7e7d4c59ddd227a1,56,1
2025-10-30T05:47:49.174652,8693f5e0-d03e-4ac6-8c1a-d7f35922fc65,d5822128-9e70-4622-860c-4585a4f95bbb,74040f5628748874779838fa7a292b09,10,1
2025-10-30T05:47:49.174652,8693f5e0-d03e-4ac6-8c1a-d7f35922fc65,4cc6ad0b-5900-4ff1-99a7-48a1be07eb44,74040f5628748874779838fa7a292b09,9,1
2025-10-30T05:47:49.175654,8693f5e0-d03e-4ac6-8c1a-d7f35922fc65,17e6c952-caca-467c-9e8f-77f08fcefa52,ea73ad6304ed438f7e7d4c59ddd227a1,83,1
2025-10-30T05:47:49.175654,8693f5e0-d03e-4ac6-8c1a-d7f35922fc65,6ac678fd-e79b-4270-aa61-0ec1fda93997,74040f5628748874779838fa7a292b09,90,1
2025-10-30T05:47:49.177036,8693f5e0-d03e-4ac6-8c1a-d7f35922fc65,eba5b476-123d-4af2-81a9-0baabebcc82e,1e8e6c622bfb571b0b783d8347182318,94,1
2025-10-30T05:47:49.177812,8693f5e0-d03e-4ac6-8c1a-d7f35922fc65,c6534df4-9309-406a-b42e-9c7c9863229d,74040f5628748874779838fa7a292b09,29,1
2025-10-30T05:48:06.494551,e4fe4250-08d4-458b-b8f0-39db937417ae,ab2d5185-90f7-4098-aabc-1ce8bcf492cb,ea73ad6304ed438f7e7d4c59ddd227a1,208,1
2025-10-30T05:48:06.494551,e4fe4250-08d4-458b-b8f0-39db937417ae,13077c9d-f3b0-43cb-a344-8558f9cf1e19,ea73ad6304ed438f7e7d4c59ddd227a1,179,1
2025-10-30T05:48:06.495551,e4fe4250-08d4-458b-b8f0-39db937417ae,b373f6f8-c09b-44bf-ab02-925d139e6b6e,ea73ad6304ed438f7e7d4c59ddd227a1,197,1
2025-10-30T05:48:06.495551,e4fe4250-08d4-458b-b8f0-39db937417ae,06a70843-eada-4a2e-a859-0063c16f6a91,ea73ad6304ed438f7e7d4c59ddd227a1,210,1
2025-10-30T05:48:06.496902,e4fe4250-08d4-458b-b8f0-39db937417ae,fb35c04a-3916-4619-8e30-71dadb174fd9,ea73ad6304ed438f7e7d4c59ddd227a1,221,1
2025-10-30T05:48:06.497422,e4fe4250-08d4-458b-b8f0-39db937417ae,1b4b818a-4036-4ff3-ae56-aed5bec44c86,ea73ad6304ed438f7e7d4c59ddd227a1,258,1
2025-10-30T05:48:06.498438,e4fe4250-08d4-458b-b8f0-39db937417ae,8201fe61-7969-4e71-b175-01e93cd9ff31,ea73ad6304ed438f7e7d4c59ddd227a1,214,1
2025-10-30T05:48:06.498944,e4fe4250-08d4-458b-b8f0-39db937417ae,bc937229-65f9-4978-8c22-02f83c0a61a6,ea73ad6304ed438f7e7d4c59ddd227a1,211,1
2025-10-30T05:48:19.606213,9df38547-1bb1-4b5d-ad0b-2a6117d84e7e,56566a15-94dc-494f-be3a-055f5dcec876,1e8e6c622bfb571b0b783d8347182318,123,1
2025-10-30T05:48:19.607219,9df38547-1bb1-4b5d-ad0b-2a6117d84e7e,e0fd26bb-b5fa-479d-bf14-0d7faccfc6ea,1e8e6c622bfb571b0b783d8347182318,97,1
2025-10-30T05:48:19.607219,9df38547-1bb1-4b5d-ad0b-2a6117d84e7e,38ce6feb-c4a8-4755-8468-41a85469a517,74040f5628748874779838fa7a292b09,6,1
2025-10-30T05:48:19.607219,9df38547-1bb1-4b5d-ad0b-2a6117d84e7e,f8eab2f8-4612-4c7f-85cb-27313a60a0c3,a3aa8203ae0398a1ef263322bcadebc3,26,1
2025-10-30T05:48:19.608224,9df38547-1bb1-4b5d-ad0b-2a6117d84e7e,53159f00-8036-411d-89e1-9e6e77380839,ea73ad6304ed438f7e7d4c59ddd227a1,242,1
2025-10-30T05:48:19.609224,9df38547-1bb1-4b5d-ad0b-2a6117d84e7e,c6534df4-9309-406a-b42e-9c7c9863229d,74040f5628748874779838fa7a292b09,29,1
2025-10-30T05:48:19.609224,9df38547-1bb1-4b5d-ad0b-2a6117d84e7e,6bd54d49-8105-4325-b0dc-44b2562b4478,74040f5628748874779838fa7a292b09,18,1
2025-10-30T05:48:19.610224,9df38547-1bb1-4b5d-ad0b-2a6117d84e7e,bd033ab7-2145-465c-bbb8-4e98192f3162,a3aa8203ae0398a1ef263322bcadebc3,18,1
2025-10-30T05:48:36.826354,70866dfb-6506-4f66-8dd9-428f5a4fc66b,faadfd4a-dcbe-4a34-9fa8-b9695dfb5cdb,ea73ad6304ed438f7e7d4c59ddd227a1,80,1
2025-10-30T05:48:36.826354,70866dfb-6506-4f66-8dd9-428f5a4fc66b,9ef604f4-cccf-45c2-9bbc-e2fe6666baed,ea73ad6304ed438f7e7d4c59ddd227a1,87,1
2025-10-30T05:48:36.827214,70866dfb-6506-4f66-8dd9-428f5a4fc66b,64b80f3e-d85c-41d1-b0ca-f89e696f4a73,ea73ad6304ed438f7e7d4c59ddd227a1,78,1
2025-10-30T05:48:36.827737,70866dfb-6506-4f66-8dd9-428f5a4fc66b,968dd056-3fbd-417d-a690-f4dd244e717d,ea73ad6304ed438f7e7d4c59ddd227a1,88,1
2025-10-30T05:48:36.827737,70866dfb-6506-4f66-8dd9-428f5a4fc66b,4cc6ad0b-5900-4ff1-99a7-48a1be07eb44,74040f5628748874779838fa7a292b09,9,1
2025-10-30T05:48:36.828699,70866dfb-6506-4f66-8dd9-428f5a4fc66b,2cf0b2c4-b9d6-4b6f-87b5-d09b1015e4e3,a3aa8203ae0398a1ef263322bcadebc3,9,1
2025-10-30T05:48:36.829222,70866dfb-6506-4f66-8dd9-428f5a4fc66b,6e25ed4d-0a30-4019-8989-f417cb2f1d3e,ea73ad6304ed438f7e7d4c59ddd227a1,95,1
2025-10-30T05:48:36.829777,70866dfb-6506-4f66-8dd9-428f5a4fc66b,9f095f73-5866-4f6a-8433-189cbf912c59,ea73ad6304ed438f7e7d4c59ddd227a1,77,1
2025-10-30T05:48:55.500995,4f539f46-75bc-46b6-abf2-c3fdf4ac9d6a,749f5bb6-ca60-4bb5-a8e7-c5d13894dc29,74040f5628748874779838fa7a292b09,93,1
2025-10-30T05:48:55.501504,4f539f46-75bc-46b6-abf2-c3fdf4ac9d6a,2be8db69-9495-4a92-8e8c-97e54729574e,74040f5628748874779838fa7a292b09,72,1
2025-10-30T05:48:55.502145,4f539f46-75bc-46b6-abf2-c3fdf4ac9d6a,58ec9711-3a8b-4e84-ae16-fe9d7e7fbf78,ea73ad6304ed438f7e7d4c59ddd227a1,235,1
2025-10-30T05:48:55.503169,4f539f46-75bc-46b6-abf2-c3fdf4ac9d6a,bc84a57a-d9bf-41e7-812e-a0d9915b2a4a,ea73ad6304ed438f7e7d4c59ddd227a1,207,1
2025-10-30T05:48:55.504178,4f539f46-75bc-46b6-abf2-c3fdf4ac9d6a,f2980ad6-a046-4c57-9533-b8627a40758d,74040f5628748874779838fa7a292b09,71,1
2025-10-30T05:48:55.505162,4f539f46-75bc-46b6-abf2-c3fdf4ac9d6a,cb3662b9-2713-46ca-8146-e67289ac2106,74040f5628748874779838fa7a292b09,49,1
2025-10-30T05:48:55.505162,4f539f46-75bc-46b6-abf2-c3fdf4ac9d6a,94ceabdd-0ac2-4994-9e41-5108d2805d45,ea73ad6304ed438f7e7d4c59ddd227a1,259,1
2025-10-30T05:48:55.506161,4f539f46-75bc-46b6-abf2-c3fdf4ac9d6a,eaccc198-6742-45da-9e89-39ed4c07d26a,ea73ad6304ed438f7e7d4c59ddd227a1,203,1
2025-10-30T05:49:09.567932,64ac4823-40c3-46ea-959c-587e64bdbafb,f95957d6-7db9-440d-9ed8-2bafe88c7fed,ea73ad6304ed438f7e7d4c59ddd227a1,212,1
2025-10-30T05:49:09.567932,64ac4823-40c3-46ea-959c-587e64bdbafb,789787a6-b439-48f5-a5f3-63cd7b3eceaa,ea73ad6304ed438f7e7d4c59ddd227a1,218,1
2025-10-30T05:49:09.569231,64ac4823-40c3-46ea-959c-587e64bdbafb,94ceabdd-0ac2-4994-9e41-5108d2805d45,ea73ad6304ed438f7e7d4c59ddd227a1,259,1
2025-10-30T05:49:09.570300,64ac4823-40c3-46ea-959c-587e64bdbafb,6164a125-03eb-4fbb-aeb5-678b476a4968,a3aa8203ae0398a1ef263322bcadebc3,6,1
2025-10-30T05:49:09.570957,64ac4823-40c3-46ea-959c-587e64bdbafb,a1443ef3-e2e7-46f0-854c-83f9d2d53a60,ea73ad6304ed438f7e7d4c59ddd227a1,277,1
2025-10-30T05:49:09.571738,64ac4823-40c3-46ea-959c-587e64bdbafb,749f5bb6-ca60-4bb5-a8e7-c5d13894dc29,74040f5628748874779838fa7a292b09,93,1
2025-10-30T05:49:09.572756,64ac4823-40c3-46ea-959c-587e64bdbafb,1f3aa306-9769-4f20-aa8e-db8fad61a53f,1e8e6c622bfb571b0b783d8347182318,131,1
2025-10-30T05:49:09.572756,64ac4823-40c3-46ea-959c-587e64bdbafb,4cc6ad0b-5900-4ff1-99a7-48a1be07eb44,74040f5628748874779838fa7a292b09,9,1
2025-10-30T05:49:24.374742,57ae25e9-3a7d-46e2-9f66-c406c6c3d47c,1c5b4aaf-ee11-4c1d-be73-a48b37b5bcab,ea73ad6304ed438f7e7d4c59ddd227a1,143,1
2025-10-30T05:49:24.374742,57ae25e9-3a7d-46e2-9f66-c406c6c3d47c,ae62c36d-3643-4164-a017-a10736e31665,ea73ad6304ed438f7e7d4c59ddd227a1,227,1
2025-10-30T05:49:24.374742,57ae25e9-3a7d-46e2-9f66-c406c6c3d47c,45be78b6-8971-481f-ae40-2c0d58eb9fa0,ea73ad6304ed438f7e7d4c59ddd227a1,231,1
2025-10-30T05:49:24.376252,57ae25e9-3a7d-46e2-9f66-c406c6c3d47c,71f15e6c-294e-403f-a429-289ecd577f32,74040f5628748874779838fa7a292b09,15,1
2025-10-30T05:49:24.376252,57ae25e9-3a7d-46e2-9f66-c406c6c3d47c,cb3662b9-2713-46ca-8146-e67289ac2106,74040f5628748874779838fa7a292b09,49,1
2025-10-30T05:49:24.377283,57ae25e9-3a7d-46e2-9f66-c406c6c3d47c,f7aea945-c392-42df-a180-81575f8ba787,74040f5628748874779838fa7a292b09,47,1
2025-10-30T05:49:24.378264,57ae25e9-3a7d-46e2-9f66-c406c6c3d47c,f8eab2f8-4612-4c7f-85cb-27313a60a0c3,a3aa8203ae0398a1ef263322bcadebc3,26,1
2025-10-30T05:49:24.378264,57ae25e9-3a7d-46e2-9f66-c406c6c3d47c,f2980ad6-a046-4c57-9533-b8627a40758d,74040f5628748874779838fa7a292b09,71,1
2025-10-30T05:49:49.214633,819f4b7d-8858-4332-9d4d-ebcde78e42f6,71f15e6c-294e-403f-a429-289ecd577f32,74040f5628748874779838fa7a292b09,15,1
2025-10-30T05:49:49.216634,819f4b7d-8858-4332-9d4d-ebcde78e42f6,749f5bb6-ca60-4bb5-a8e7-c5d13894dc29,74040f5628748874779838fa7a292b09,93,1
2025-10-30T05:49:49.216634,819f4b7d-8858-4332-9d4d-ebcde78e42f6,d5822128-9e70-4622-860c-4585a4f95bbb,74040f5628748874779838fa7a292b09,10,1
2025-10-30T05:49:49.217631,819f4b7d-8858-4332-9d4d-ebcde78e42f6,4408f7c8-bd18-4fb5-ab65-b1e6c8fd6e26,ea73ad6304ed438f7e7d4c59ddd227a1,201,1
2025-10-30T05:49:49.217631,819f4b7d-8858-4332-9d4d-ebcde78e42f6,f2980ad6-a046-4c57-9533-b8627a40758d,74040f5628748874779838fa7a292b09,71,1
2025-10-30T05:49:49.218536,819f4b7d-8858-4332-9d4d-ebcde78e42f6,aa6d4a53-7be2-48fd-8d31-c776b7f4d056,74040f5628748874779838fa7a292b09,50,1
2025-10-30T05:49:49.218994,819f4b7d-8858-4332-9d4d-ebcde78e42f6,909001d2-0ec5-454b-9aac-23b40a51aeaf,ea73ad6304ed438f7e7d4c59ddd227a1,180,1
2025-10-30T05:49:49.218994,819f4b7d-8858-4332-9d4d-ebcde78e42f6,c4e1bff6-573c-4d9b-a621-58fa9c7d6a9e,ea73ad6304ed438f7e7d4c59ddd227a1,142,1
2025-10-30T05:50:03.019891,9f612078-3e29-40b3-a278-fd09a78da52e,20b1b7f0-9776-494a-899f-7493aeaeeebd,ea73ad6304ed438f7e7d4c59ddd227a1,115,1
2025-10-30T05:50:03.020906,9f612078-3e29-40b3-a278-fd09a78da52e,2037c3fb-a9fc-4f5d-bf09-02dfd89b9874,ea73ad6304ed438f7e7d4c59ddd227a1,118,1
2025-10-30T05:50:03.021903,9f612078-3e29-40b3-a278-fd09a78da52e,c7161c36-a1c1-41d9-bd9b-0f73bc5939b0,ea73ad6304ed438f7e7d4c59ddd227a1,119,1
2025-10-30T05:50:03.021903,9f612078-3e29-40b3-a278-fd09a78da52e,47b4411d-6317-473f-8f17-0fecaf0161dc,ea73ad6304ed438f7e7d4c59ddd227a1,114,1
2025-10-30T05:50:03.022904,9f612078-3e29-40b3-a278-fd09a78da52e,6b583577-d52d-4cea-aed0-1cb813841084,ea73ad6304ed438f7e7d4c59ddd227a1,123,1
2025-10-30T05:50:03.023960,9f612078-3e29-40b3-a278-fd09a78da52e,8abbfb78-5c04-41de-83c7-c933d969f14a,ea73ad6304ed438f7e7d4c59ddd227a1,121,1
2025-10-30T05:50:03.025436,9f612078-3e29-40b3-a278-fd09a78da52e,d2f45737-0bcf-423c-85ed-63b7304cdfee,ea73ad6304ed438f7e7d4c59ddd227a1,127,1
2025-10-30T05:50:03.025436,9f612078-3e29-40b3-a278-fd09a78da52e,81ca3ef5-9a01-4046-aa8b-8d68dbebec1f,ea73ad6304ed438f7e7d4c59ddd227a1,147,1
2025-10-30T13:43:48.879402,aa439f92-91ff-45cb-9260-8702f8ec37c0,20b1b7f0-9776-494a-899f-7493aeaeeebd,ea73ad6304ed438f7e7d4c59ddd227a1,115,1
2025-10-30T13:43:48.880079,aa439f92-91ff-45cb-9260-8702f8ec37c0,2037c3fb-a9fc-4f5d-bf09-02dfd89b9874,ea73ad6304ed438f7e7d4c59ddd227a1,118,1
2025-10-30T13:43:48.880079,aa439f92-91ff-45cb-9260-8702f8ec37c0,c7161c36-a1c1-41d9-bd9b-0f73bc5939b0,ea73ad6304ed438f7e7d4c59ddd227a1,119,1
2025-10-30T13:43:48.881094,aa439f92-91ff-45cb-9260-8702f8ec37c0,47b4411d-6317-473f-8f17-0fecaf0161dc,ea73ad6304ed438f7e7d4c59ddd227a1,114,1
2025-10-30T13:43:48.881094,aa439f92-91ff-45cb-9260-8702f8ec37c0,6b583577-d52d-4cea-aed0-1cb813841084,ea73ad6304ed438f7e7d4c59ddd227a1,123,1
2025-10-30T13:43:48.882094,aa439f92-91ff-45cb-9260-8702f8ec37c0,8abbfb78-5c04-41de-83c7-c933d969f14a,ea73ad6304ed438f7e7d4c59ddd227a1,121,1
2025-10-30T13:43:48.882094,aa439f92-91ff-45cb-9260-8702f8ec37c0,d2f45737-0bcf-423c-85ed-63b7304cdfee,ea73ad6304ed438f7e7d4c59ddd227a1,127,1
2025-10-30T13:43:48.882094,aa439f92-91ff-45cb-9260-8702f8ec37c0,81ca3ef5-9a01-4046-aa8b-8d68dbebec1f,ea73ad6304ed438f7e7d4c59ddd227a1,147,1
2025-10-30T13:44:11.697081,ec553f22-33ad-4b35-9ec4-a05bc5e4c11e,20b1b7f0-9776-494a-899f-7493aeaeeebd,ea73ad6304ed438f7e7d4c59ddd227a1,115,1
2025-10-30T13:44:11.697607,ec553f22-33ad-4b35-9ec4-a05bc5e4c11e,2037c3fb-a9fc-4f5d-bf09-02dfd89b9874,ea73ad6304ed438f7e7d4c59ddd227a1,118,1
2025-10-30T13:44:11.698301,ec553f22-33ad-4b35-9ec4-a05bc5e4c11e,c7161c36-a1c1-41d9-bd9b-0f73bc5939b0,ea73ad6304ed438f7e7d4c59ddd227a1,119,1
2025-10-30T13:44:11.698854,ec553f22-33ad-4b35-9ec4-a05bc5e4c11e,47b4411d-6317-473f-8f17-0fecaf0161dc,ea73ad6304ed438f7e7d4c59ddd227a1,114,1
2025-10-30T13:44:11.699413,ec553f22-33ad-4b35-9ec4-a05bc5e4c11e,6b583577-d52d-4cea-aed0-1cb813841084,ea73ad6304ed438f7e7d4c59ddd227a1,123,1
2025-10-30T13:44:11.700047,ec553f22-33ad-4b35-9ec4-a05bc5e4c11e,8abbfb78-5c04-41de-83c7-c933d969f14a,ea73ad6304ed438f7e7d4c59ddd227a1,121,1
2025-10-30T13:44:11.700047,ec553f22-33ad-4b35-9ec4-a05bc5e4c11e,d2f45737-0bcf-423c-85ed-63b7304cdfee,ea73ad6304ed438f7e7d4c59ddd227a1,127,1
2025-10-30T13:44:11.700643,ec553f22-33ad-4b35-9ec4-a05bc5e4c11e,81ca3ef5-9a01-4046-aa8b-8d68dbebec1f,ea73ad6304ed438f7e7d4c59ddd227a1,147,1
2025-11-05T00:49:08.600359,91920f73-169b-4a74-ae95-dc91e7077509,a3aa8203ae0398a1ef263322bcadebc3:11,a3aa8203ae0398a1ef263322bcadebc3,12,1
2025-11-05T00:49:08.601361,91920f73-169b-4a74-ae95-dc91e7077509,a3aa8203ae0398a1ef263322bcadebc3:10,a3aa8203ae0398a1ef263322bcadebc3,11,1
2025-11-05T00:49:08.601361,91920f73-169b-4a74-ae95-dc91e7077509,74040f5628748874779838fa7a292b09:28,74040f5628748874779838fa7a292b09,29,1
2025-11-05T00:49:08.601361,91920f73-169b-4a74-ae95-dc91e7077509,a3aa8203ae0398a1ef263322bcadebc3:8,a3aa8203ae0398a1ef263322bcadebc3,9,1
2025-11-05T00:49:08.602886,91920f73-169b-4a74-ae95-dc91e7077509,74040f5628748874779838fa7a292b09:82,74040f5628748874779838fa7a292b09,83,1
2025-11-05T00:49:08.602886,91920f73-169b-4a74-ae95-dc91e7077509,ea73ad6304ed438f7e7d4c59ddd227a1:211,ea73ad6304ed438f7e7d4c59ddd227a1,214,1
2025-11-05T00:49:08.602886,91920f73-169b-4a74-ae95-dc91e7077509,1e8e6c622bfb571b0b783d8347182318:12,1e8e6c622bfb571b0b783d8347182318,13,1
2025-11-05T00:49:08.603896,91920f73-169b-4a74-ae95-dc91e7077509,74040f5628748874779838fa7a292b09:29,74040f5628748874779838fa7a292b09,30,1
2025-11-05T00:51:10.733477,35692426-201e-4c4c-bace-a346c50964fc,1e8e6c622bfb571b0b783d8347182318:104,1e8e6c622bfb571b0b783d8347182318,105,1
2025-11-05T00:51:10.734509,35692426-201e-4c4c-bace-a346c50964fc,1e8e6c622bfb571b0b783d8347182318:90,1e8e6c622bfb571b0b783d8347182318,91,1
2025-11-05T00:51:10.736504,35692426-201e-4c4c-bace-a346c50964fc,1e8e6c622bfb571b0b783d8347182318:114,1e8e6c622bfb571b0b783d8347182318,115,1
2025-11-05T00:51:10.737531,35692426-201e-4c4c-bace-a346c50964fc,1e8e6c622bfb571b0b783d8347182318:136,1e8e6c622bfb571b0b783d8347182318,137,1
2025-11-05T00:51:10.738523,35692426-201e-4c4c-bace-a346c50964fc,1e8e6c622bfb571b0b783d8347182318:74,1e8e6c622bfb571b0b783d8347182318,75,1
2025-11-05T00:51:10.739527,35692426-201e-4c4c-bace-a346c50964fc,1e8e6c622bfb571b0b783d8347182318:95,1e8e6c622bfb571b0b783d8347182318,96,1
2025-11-05T00:51:10.740806,35692426-201e-4c4c-bace-a346c50964fc,1e8e6c622bfb571b0b783d8347182318:115,1e8e6c622bfb571b0b783d8347182318,116,1
2025-11-05T00:51:10.741829,35692426-201e-4c4c-bace-a346c50964fc,1e8e6c622bfb571b0b783d8347182318:45,1e8e6c622bfb571b0b783d8347182318,46,1
2025-11-05T00:53:04.671182,957dc633-a7d4-4c1e-8f8f-ec28140907de,a3aa8203ae0398a1ef263322bcadebc3:11,a3aa8203ae0398a1ef263322bcadebc3,12,1
2025-11-05T00:53:04.672203,957dc633-a7d4-4c1e-8f8f-ec28140907de,a3aa8203ae0398a1ef263322bcadebc3:10,a3aa8203ae0398a1ef263322bcadebc3,11,1
2025-11-05T00:53:04.673718,957dc633-a7d4-4c1e-8f8f-ec28140907de,74040f5628748874779838fa7a292b09:28,74040f5628748874779838fa7a292b09,29,1
2025-11-05T00:53:04.674738,957dc633-a7d4-4c1e-8f8f-ec28140907de,a3aa8203ae0398a1ef263322bcadebc3:8,a3aa8203ae0398a1ef263322bcadebc3,9,1
2025-11-05T00:53:04.674738,957dc633-a7d4-4c1e-8f8f-ec28140907de,74040f5628748874779838fa7a292b09:82,74040f5628748874779838fa7a292b09,83,1
2025-11-05T00:53:04.675734,957dc633-a7d4-4c1e-8f8f-ec28140907de,ea73ad6304ed438f7e7d4c59ddd227a1:211,ea73ad6304ed438f7e7d4c59ddd227a1,214,1
2025-11-05T00:53:04.676747,957dc633-a7d4-4c1e-8f8f-ec28140907de,1e8e6c622bfb571b0b783d8347182318:12,1e8e6c622bfb571b0b783d8347182318,13,1
2025-11-05T00:53:04.676747,957dc633-a7d4-4c1e-8f8f-ec28140907de,74040f5628748874779838fa7a292b09:29,74040f5628748874779838fa7a292b09,30,1
2025-11-05T00:53:53.669398,22e8428e-065e-4a33-a9d0-2c6d78901541,1e8e6c622bfb571b0b783d8347182318:123,1e8e6c622bfb571b0b783d8347182318,124,1
2025-11-05T00:53:53.670403,22e8428e-065e-4a33-a9d0-2c6d78901541,1e8e6c622bfb571b0b783d8347182318:117,1e8e6c622bfb571b0b783d8347182318,118,1
2025-11-05T00:53:53.670403,22e8428e-065e-4a33-a9d0-2c6d78901541,74040f5628748874779838fa7a292b09:95,74040f5628748874779838fa7a292b09,96,1
2025-11-05T00:53:53.671403,22e8428e-065e-4a33-a9d0-2c6d78901541,ea73ad6304ed438f7e7d4c59ddd227a1:22,ea73ad6304ed438f7e7d4c59ddd227a1,23,1
2025-11-05T00:53:53.672914,22e8428e-065e-4a33-a9d0-2c6d78901541,1e8e6c622bfb571b0b783d8347182318:80,1e8e6c622bfb571b0b783d8347182318,81,1
2025-11-05T00:53:53.672914,22e8428e-065e-4a33-a9d0-2c6d78901541,1e8e6c622bfb571b0b783d8347182318:105,1e8e6c622bfb571b0b783d8347182318,106,1
2025-11-05T00:53:53.673924,22e8428e-065e-4a33-a9d0-2c6d78901541,ea73ad6304ed438f7e7d4c59ddd227a1:232,ea73ad6304ed438f7e7d4c59ddd227a1,235,1
2025-11-05T00:53:53.674931,22e8428e-065e-4a33-a9d0-2c6d78901541,1e8e6c622bfb571b0b783d8347182318:91,1e8e6c622bfb571b0b783d8347182318,92,1
2025-11-05T01:00:38.605397,bd27f290-b699-468b-921c-35da712523b0,1e8e6c622bfb571b0b783d8347182318:123,1e8e6c622bfb571b0b783d8347182318,124,1
2025-11-05T01:00:38.606804,bd27f290-b699-468b-921c-35da712523b0,1e8e6c622bfb571b0b783d8347182318:117,1e8e6c622bfb571b0b783d8347182318,118,1
2025-11-05T01:00:38.607776,bd27f290-b699-468b-921c-35da712523b0,74040f5628748874779838fa7a292b09:95,74040f5628748874779838fa7a292b09,96,1
2025-11-05T01:00:38.608800,bd27f290-b699-468b-921c-35da712523b0,ea73ad6304ed438f7e7d4c59ddd227a1:22,ea73ad6304ed438f7e7d4c59ddd227a1,23,1
2025-11-05T01:00:38.609797,bd27f290-b699-468b-921c-35da712523b0,1e8e6c622bfb571b0b783d8347182318:80,1e8e6c622bfb571b0b783d8347182318,81,1
2025-11-05T01:00:38.611343,bd27f290-b699-468b-921c-35da712523b0,1e8e6c622bfb571b0b783d8347182318:105,1e8e6c622bfb571b0b783d8347182318,106,1
2025-11-05T01:00:38.612358,bd27f290-b699-468b-921c-35da712523b0,ea73ad6304ed438f7e7d4c59ddd227a1:232,ea73ad6304ed438f7e7d4c59ddd227a1,235,1
2025-11-05T01:00:38.613356,bd27f290-b699-468b-921c-35da712523b0,1e8e6c622bfb571b0b783d8347182318:91,1e8e6c622bfb571b0b783d8347182318,92,1
2025-11-05T01:02:33.850722,25c78c53-77b1-4006-8027-b58a5a9026a2,1e8e6c622bfb571b0b783d8347182318:32,1e8e6c622bfb571b0b783d8347182318,33,1
2025-11-05T01:02:33.850722,25c78c53-77b1-4006-8027-b58a5a9026a2,1e8e6c622bfb571b0b783d8347182318:22,1e8e6c622bfb571b0b783d8347182318,23,1
2025-11-05T01:02:33.852505,25c78c53-77b1-4006-8027-b58a5a9026a2,1e8e6c622bfb571b0b783d8347182318:25,1e8e6c622bfb571b0b783d8347182318,26,1
2025-11-05T01:02:33.853527,25c78c53-77b1-4006-8027-b58a5a9026a2,a3aa8203ae0398a1ef263322bcadebc3:33,a3aa8203ae0398a1ef263322bcadebc3,34,1
2025-11-05T01:02:33.854629,25c78c53-77b1-4006-8027-b58a5a9026a2,1e8e6c622bfb571b0b783d8347182318:31,1e8e6c622bfb571b0b783d8347182318,32,1
2025-11-05T01:02:33.854629,25c78c53-77b1-4006-8027-b58a5a9026a2,a3aa8203ae0398a1ef263322bcadebc3:32,a3aa8203ae0398a1ef263322bcadebc3,33,1
2025-11-05T01:02:33.855630,25c78c53-77b1-4006-8027-b58a5a9026a2,a3aa8203ae0398a1ef263322bcadebc3:34,a3aa8203ae0398a1ef263322bcadebc3,35,1
2025-11-05T01:02:33.855630,25c78c53-77b1-4006-8027-b58a5a9026a2,1e8e6c622bfb571b0b783d8347182318:23,1e8e6c622bfb571b0b783d8347182318,24,1
2025-11-05T15:02:13.369955,1b7271f6-293c-4e0a-810e-d571ac19e830,1e8e6c622bfb571b0b783d8347182318:32,1e8e6c622bfb571b0b783d8347182318,33,1
2025-11-05T15:02:13.371597,1b7271f6-293c-4e0a-810e-d571ac19e830,1e8e6c622bfb571b0b783d8347182318:22,1e8e6c622bfb571b0b783d8347182318,23,1
2025-11-05T15:02:13.372720,1b7271f6-293c-4e0a-810e-d571ac19e830,1e8e6c622bfb571b0b783d8347182318:25,1e8e6c622bfb571b0b783d8347182318,26,1
2025-11-05T15:02:13.372720,1b7271f6-293c-4e0a-810e-d571ac19e830,a3aa8203ae0398a1ef263322bcadebc3:33,a3aa8203ae0398a1ef263322bcadebc3,34,1
2025-11-05T15:02:13.373694,1b7271f6-293c-4e0a-810e-d571ac19e830,1e8e6c622bfb571b0b783d8347182318:31,1e8e6c622bfb571b0b783d8347182318,32,1
2025-11-05T15:02:13.373694,1b7271f6-293c-4e0a-810e-d571ac19e830,a3aa8203ae0398a1ef263322bcadebc3:32,a3aa8203ae0398a1ef263322bcadebc3,33,1
2025-11-05T15:02:13.373694,1b7271f6-293c-4e0a-810e-d571ac19e830,a3aa8203ae0398a1ef263322bcadebc3:34,a3aa8203ae0398a1ef263322bcadebc3,35,1
2025-11-05T15:02:13.374614,1b7271f6-293c-4e0a-810e-d571ac19e830,1e8e6c622bfb571b0b783d8347182318:23,1e8e6c622bfb571b0b783d8347182318,24,1
