timestamp,question_id,document_id,retrieved_chunk_ids,retrieved_scores,top_k,retrieval_time_ms
2025-10-30T05:24:07.398433,7fe901e9-b297-4948-b429-ae0d164a5321,2d1f518956cdc4b3cf6a9447714cfcd0,a39ac9d6-0cb7-4d8e-80a5-10e9edbc6587|5575947a-a35f-4e83-b5e7-a80663c18824|9ef6f800-c662-41a6-9e20-29a829f312c8|39f3cf55-5c5d-4a48-9fc1-6f10650dc787|03b01dbd-834f-4946-ba0b-ba82df22945f|585ea22f-18dc-4a00-91ea-8d6f3ede8e59|121f5c9d-4db6-4baf-8ea6-755bf38aeb73|22bbf3e2-c5d9-4a29-891a-53f80e5ad2a7|d4ee193e-664e-4ded-a917-79e01cd76cc6|b81f7999-b670-470b-9e00-d1945c5d88f2|e546ef1a-904c-4c3c-944c-d1f125f01323|7df5e49e-6e6e-4b15-b62f-54fa00d9d2f6|d041df21-252f-4bc2-8b6a-5eef5bf36de8|f07134aa-0cd4-4e0c-b700-666d5543e1e9|3cae2f27-b9be-4092-b621-cbfc4d817323|ef2116f2-d8ca-4910-8b54-74a9a1ac5048|1c1d8328-c6a4-48e9-ab7a-062c1834aa24|5eaf6fe6-03ff-4e4e-8a06-ccd918a0768c|8294aca2-eb38-4163-9ba9-c879c792cb21|865716c6-c436-4863-bbd1-8fef1780e123,5.5600|5.5576|5.5570|5.3522|4.8962|4.3050|3.5446|2.4104|0.2850|0.2850|0.2850|0.2850|0.2850|0.2850|-1.5616|-1.6593|-1.6593|-1.6593|-1.6593|-1.8190,8,
2025-10-30T05:36:31.100986,8bda24c2-1f57-4d42-8e20-a0d7aa850cce,1e8e6c622bfb571b0b783d8347182318,614d6ec6-5484-417a-aa52-153899011b02|2034b189-e367-4870-aedf-9767727913cc|5e67d0b3-6020-4644-bde1-2cba8ff2f957|e9355db3-062b-435b-8edc-2f2b4237924a|90b7b3eb-cb15-4e7e-b8fd-e0db3bc2c970|0184de82-01f0-4f43-a702-e0cc9f314bfe|03512709-fbf0-42af-bf86-6ee260c6670b|7b522cf0-8a7b-4a0c-b84d-d871b35519ca|449e3a97-f9ee-435d-a4f4-54fb715c6102|b9475bf7-81e8-46c6-a7a9-bc73a2a41495|e0fd26bb-b5fa-479d-bf14-0d7faccfc6ea|0eff4086-85b1-4f32-abad-c61230a3139d|8be31b26-edef-46ce-b406-6bb3b112026f|315f6e07-15c3-4ac1-a113-9e287f6a06b6|3e8488b2-28de-44ce-9a23-1248ff75f854|599d31bc-474b-4d19-b639-bd04ca0954ba|0e925730-8007-4872-9e93-f08dcc9eb734|295e7453-8be7-456c-9d84-ea79c4f71a05|610b9df2-998a-4f10-8459-1fb34110e387|4c097401-deb8-40eb-a55d-7eb25852a01e,6.3835|4.6607|4.0160|3.3530|3.3530|3.3530|3.3530|3.3530|3.3119|3.2529|3.1658|3.0819|2.6592|2.2123|0.9574|0.7083|-1.4890|-2.6419|-3.6626|-4.1415,8,
2025-10-30T05:36:42.993506,3099aff7-9ad8-4dc9-9355-4843af2c6a0e,a3aa8203ae0398a1ef263322bcadebc3,295e7453-8be7-456c-9d84-ea79c4f71a05|f42ef349-0de4-454c-adfe-dbd778d7e93c|c6534df4-9309-406a-b42e-9c7c9863229d|2cf0b2c4-b9d6-4b6f-87b5-d09b1015e4e3|aa9d37f3-029a-4c97-afc6-5cfa50cf01b9|8201fe61-7969-4e71-b175-01e93cd9ff31|f996821d-acf7-488e-8a57-f535708efda3|93e9b5cd-3726-4d40-b452-c0a665cfd5ac|94c8952b-e256-484e-a227-02d443346e53|ce1c63f6-73a3-4faf-acbb-1acb4bcb22a0|4cc6ad0b-5900-4ff1-99a7-48a1be07eb44|08f8a895-1d56-4c86-a19f-5f91b7777b83|cfa68116-064b-48b1-a7d5-0634c3b55576|38ce6feb-c4a8-4755-8468-41a85469a517|5e67d0b3-6020-4644-bde1-2cba8ff2f957|cb1398a9-beec-46bc-ad02-b4c41fc89937|bb2cff91-f625-49cd-9947-dcc074ca9594|0eff4086-85b1-4f32-abad-c61230a3139d|61cea086-1fa2-4a4b-a455-251f85406a14|b022f3cc-e915-4539-b7d2-5603cae92cb3,2.0474|1.8864|1.6814|0.8449|0.6833|0.3372|0.1753|0.1051|-0.4151|-0.4909|-0.6747|-0.7625|-0.7690|-0.8052|-1.1036|-2.0541|-2.2254|-2.4737|-3.6347|-5.7771,8,
2025-10-30T05:36:58.468953,cebac85a-6a7f-48cb-8f1f-c05b608ab588,1e8e6c622bfb571b0b783d8347182318,0ccca049-c6b6-4a8a-af61-0df2803a5c64|55254393-ed95-4905-9f6d-aa339a35ceb4|03b01dbd-834f-4946-ba0b-ba82df22945f|a4e66e81-91a6-4516-a4bb-4e29065f9a01|fc5478c8-9d11-474b-aa9a-d18463f8c2b5|8be31b26-edef-46ce-b406-6bb3b112026f|58ec9711-3a8b-4e84-ae16-fe9d7e7fbf78|e04e9631-a9f1-4b95-9a3a-22a192e6686d|47b4411d-6317-473f-8f17-0fecaf0161dc|c7161c36-a1c1-41d9-bd9b-0f73bc5939b0|d5822128-9e70-4622-860c-4585a4f95bbb|2505e30f-39dc-4823-bfc3-7d63bf3562e4|8201fe61-7969-4e71-b175-01e93cd9ff31|c4e1bff6-573c-4d9b-a621-58fa9c7d6a9e|355b13a4-7909-4ebd-91f5-fa5a1260cec8|c755b07d-f107-4fd0-bed0-6f02dfaeb94f|2dfebe32-fbfe-4948-ba66-713384e91e80|0995e725-9892-4350-832e-5168f6ca8ccd|08eb7da1-5c3b-4f6e-99cc-8ee87184d529|2f5fbff5-5586-4c09-aedf-553ba772b84b,5.3584|4.1872|4.1361|3.5929|3.5854|3.3975|3.2333|3.0038|2.4440|2.4365|2.0798|2.0123|1.3452|0.9761|0.3609|-0.0270|-0.5673|-1.6558|-1.9365|-1.9365,8,
2025-10-30T05:37:14.589925,39ce3bc7-977c-43ec-a31e-3cc615396ad3,1e8e6c622bfb571b0b783d8347182318,4c097401-deb8-40eb-a55d-7eb25852a01e|e0c01d3b-4aca-41d3-aed5-117089200c02|aaac9955-1d52-44dc-ba0e-ef3425d688cf|b976f14c-77ba-43d3-aeb6-2d0e9d47a12b|a9ab59ef-cb46-4191-96b1-c76dcc25c9ce|25ba73c4-fc87-41f4-b63c-61cf3eca8bfe|d07d8047-cfb6-4c44-8055-3f64b9bf17fc|38ce6feb-c4a8-4755-8468-41a85469a517|1f3aa306-9769-4f20-aa8e-db8fad61a53f|3e8488b2-28de-44ce-9a23-1248ff75f854|c4f7c7bb-3e22-454f-8f93-9f72731afb67|a5f252de-95f2-4727-9e80-f014a14d3a17|7a80428f-283b-4664-bb62-1c65dc69a99d|295e7453-8be7-456c-9d84-ea79c4f71a05|55254393-ed95-4905-9f6d-aa339a35ceb4|cb1398a9-beec-46bc-ad02-b4c41fc89937|6ac678fd-e79b-4270-aa61-0ec1fda93997|ef0a19c1-59f3-429d-a52a-8248d0ca2498|fc5478c8-9d11-474b-aa9a-d18463f8c2b5|31cfbcc0-7e3d-4ea4-8c54-7d2ca5dc9b44,3.8769|2.7162|2.3075|2.0861|1.4281|0.9918|0.4745|0.4238|0.4191|0.3675|0.1351|-0.1245|-0.3787|-0.6797|-0.7047|-1.2643|-1.4243|-1.7360|-2.1613|-3.3660,8,
2025-10-30T05:37:31.981310,3155f687-7343-4be7-94b2-07fb499f1f9d,1e8e6c622bfb571b0b783d8347182318,0ccca049-c6b6-4a8a-af61-0df2803a5c64|1f3aa306-9769-4f20-aa8e-db8fad61a53f|ef8532ca-c285-4809-8263-a2dcf2717107|b976f14c-77ba-43d3-aeb6-2d0e9d47a12b|61a68be8-56b1-4bfd-9b6d-963872c3ba42|08f8a895-1d56-4c86-a19f-5f91b7777b83|832b49e2-e567-4d63-ab00-54daffe0921d|2a2425e8-20a2-420d-9f4d-c55680af96c2|a95dabc0-3fd1-4977-814e-96aef240197c|7d114d5a-6226-4da1-9e1c-dd55021bc267|ca1f40ba-2a24-4228-a9a6-69f79c6d7a5b|55254393-ed95-4905-9f6d-aa339a35ceb4|e41f620c-40cb-462d-9609-4dd475625884|8be31b26-edef-46ce-b406-6bb3b112026f|e04e9631-a9f1-4b95-9a3a-22a192e6686d|6e30d2f9-e0d1-40b9-93f0-f5d668c6aaab|749f5bb6-ca60-4bb5-a8e7-c5d13894dc29|fc642122-1a60-4a6f-8595-df706cb17b91|c755b07d-f107-4fd0-bed0-6f02dfaeb94f|6ac678fd-e79b-4270-aa61-0ec1fda93997,5.6505|5.5372|3.7715|3.4064|3.4045|3.3127|3.1499|2.7962|2.7962|2.7962|2.7384|2.5175|2.3842|1.0027|0.5677|0.3693|-0.2051|-2.2364|-2.7902|-3.4735,8,
2025-10-30T05:37:56.826094,e8562c7f-c1a9-4191-852c-0af63f14d81d,1e8e6c622bfb571b0b783d8347182318,a0473302-4bb0-4e1f-ac1d-918f5194ec1f|be8224e3-a8a2-4ca6-a3bc-208ad1b8bd0e|762d12f9-f8d2-4162-bbd5-70dc97084954|f7dd668f-a8aa-4781-9283-d49790435a43|f0fd9c42-2e97-4d70-90cc-dcc5c8f61dfb|50e8c056-67b9-4f9b-8ab1-3d241c8393ff|e41f620c-40cb-462d-9609-4dd475625884|d3126d89-b42f-479b-a080-7d1d89a0ab45|62e1502d-31ee-4800-835b-64ef5d73b68f|ea04eabd-9de1-418e-bac7-d92e9f11b63b|f28b6c5e-49c1-4da6-a8d6-0e3da0505bdf|a2be720b-40b8-46c6-ab58-5b778a058a2c|743de04f-f6d1-4a25-8ba4-d18184d39e37|55254393-ed95-4905-9f6d-aa339a35ceb4|449e3a97-f9ee-435d-a4f4-54fb715c6102|5d89c1af-191f-43ae-992d-a8bb43ba97e7|8be31b26-edef-46ce-b406-6bb3b112026f|e04e9631-a9f1-4b95-9a3a-22a192e6686d|66580632-5e14-4e69-bd66-0001c137e231|fc5478c8-9d11-474b-aa9a-d18463f8c2b5,7.3132|7.3132|7.3132|7.3132|7.3132|7.3132|6.6142|6.3997|6.3850|6.2817|5.9313|5.9131|4.5037|4.4924|4.1792|4.0431|3.6073|3.2457|3.1523|2.6097,8,
2025-10-30T05:38:10.985945,436ea6dd-5435-493e-9270-ca4e7421b4a3,1e8e6c622bfb571b0b783d8347182318,449e3a97-f9ee-435d-a4f4-54fb715c6102|55254393-ed95-4905-9f6d-aa339a35ceb4|8be31b26-edef-46ce-b406-6bb3b112026f|3e8488b2-28de-44ce-9a23-1248ff75f854|fc5478c8-9d11-474b-aa9a-d18463f8c2b5|66580632-5e14-4e69-bd66-0001c137e231|e04e9631-a9f1-4b95-9a3a-22a192e6686d|0184de82-01f0-4f43-a702-e0cc9f314bfe|e9355db3-062b-435b-8edc-2f2b4237924a|90b7b3eb-cb15-4e7e-b8fd-e0db3bc2c970|03512709-fbf0-42af-bf86-6ee260c6670b|7b522cf0-8a7b-4a0c-b84d-d871b35519ca|eba5b476-123d-4af2-81a9-0baabebcc82e|a03b0fda-39a2-4438-aeaf-0f96c983008c|f2980ad6-a046-4c57-9533-b8627a40758d|8201fe61-7969-4e71-b175-01e93cd9ff31|a9ab59ef-cb46-4191-96b1-c76dcc25c9ce|0995e725-9892-4350-832e-5168f6ca8ccd|0f140218-d726-4063-a865-7bdf76f63071|2f5fbff5-5586-4c09-aedf-553ba772b84b,6.9931|6.7985|6.3467|6.3212|6.1850|6.1407|6.0442|5.9625|5.9625|5.9625|5.9625|5.9625|5.7919|5.1311|5.0499|1.9738|1.0547|-0.6081|-0.6351|-1.5927,8,
2025-10-30T05:38:26.708657,f8ec6eda-18d5-4349-bfe8-3d983e9feff5,1e8e6c622bfb571b0b783d8347182318,6b69ca89-4d5b-4d8d-a9de-244aac064d6e|3e8488b2-28de-44ce-9a23-1248ff75f854|e0fd26bb-b5fa-479d-bf14-0d7faccfc6ea|449e3a97-f9ee-435d-a4f4-54fb715c6102|23b11e6a-c571-4ade-891e-f5428cde7bd3|2c117392-16c2-4845-806b-39dd996b85ac|b9475bf7-81e8-46c6-a7a9-bc73a2a41495|e04e9631-a9f1-4b95-9a3a-22a192e6686d|8be31b26-edef-46ce-b406-6bb3b112026f|0eff4086-85b1-4f32-abad-c61230a3139d|eba5b476-123d-4af2-81a9-0baabebcc82e|6164a125-03eb-4fbb-aeb5-678b476a4968|89439bec-57ef-47a9-b4f1-4322769fe01c|55254393-ed95-4905-9f6d-aa339a35ceb4|fc5478c8-9d11-474b-aa9a-d18463f8c2b5|29a4f328-2cfa-4eda-9446-0a669dff6b74|66580632-5e14-4e69-bd66-0001c137e231|03b01dbd-834f-4946-ba0b-ba82df22945f|1c5b4aaf-ee11-4c1d-be73-a48b37b5bcab|9d7a2fbe-1696-418c-b06a-7ec6d5341d6b,5.1724|5.1499|5.0514|4.8876|4.4136|4.2908|4.1551|4.0121|3.8104|3.7893|3.7421|3.5033|3.3314|3.1160|2.6299|2.1228|1.7529|1.6543|0.8410|-1.4590,8,
2025-10-30T05:38:44.982858,fa6fdfdb-ffba-4573-a7d8-0b36c25b5f15,1e8e6c622bfb571b0b783d8347182318,b976f14c-77ba-43d3-aeb6-2d0e9d47a12b|e0c01d3b-4aca-41d3-aed5-117089200c02|749f5bb6-ca60-4bb5-a8e7-c5d13894dc29|fb5a923d-ee99-429c-91f9-70a354287ea7|a9ab59ef-cb46-4191-96b1-c76dcc25c9ce|cb1398a9-beec-46bc-ad02-b4c41fc89937|6ac678fd-e79b-4270-aa61-0ec1fda93997|7a80428f-283b-4664-bb62-1c65dc69a99d|a5f252de-95f2-4727-9e80-f014a14d3a17|c8497f6a-618b-4378-be52-ed73b5470412|4359c1b4-d8b2-4ce5-85cd-4cfc08234c10|c4f7c7bb-3e22-454f-8f93-9f72731afb67|31cfbcc0-7e3d-4ea4-8c54-7d2ca5dc9b44|55254393-ed95-4905-9f6d-aa339a35ceb4|8be31b26-edef-46ce-b406-6bb3b112026f|e04e9631-a9f1-4b95-9a3a-22a192e6686d|c4e1bff6-573c-4d9b-a621-58fa9c7d6a9e|8201fe61-7969-4e71-b175-01e93cd9ff31|0995e725-9892-4350-832e-5168f6ca8ccd|6fa5f75d-8166-43ff-8f4c-ccf8c0da943e,5.3888|4.9983|3.8694|3.4742|3.1958|3.1019|2.3879|1.7934|1.7511|1.7030|1.6825|1.6728|0.4520|-0.5866|-0.6599|-0.8587|-0.9520|-2.6852|-5.5177|-6.8582,8,
2025-10-30T05:38:57.367308,3334f483-3210-4210-9755-c353f0debdac,1e8e6c622bfb571b0b783d8347182318,a4af6d3d-fbf4-4ab3-90a2-b1efe8ded677|f8d53319-46b2-4ed9-bff0-44f639786d8b|67bc49b4-f6c4-41a6-9578-05c37fd23267|b976f14c-77ba-43d3-aeb6-2d0e9d47a12b|899e6fea-6c84-4ba1-900a-a096ffcc632c|2cef05e2-4ed3-404d-a067-3153e035f9ea|aa6d4a53-7be2-48fd-8d31-c776b7f4d056|6ac678fd-e79b-4270-aa61-0ec1fda93997|a4e66e81-91a6-4516-a4bb-4e29065f9a01|a78ead4b-11ea-465d-a1d3-47c048fc9dc1|61a68be8-56b1-4bfd-9b6d-963872c3ba42|2a2425e8-20a2-420d-9f4d-c55680af96c2|a95dabc0-3fd1-4977-814e-96aef240197c|7d114d5a-6226-4da1-9e1c-dd55021bc267|8be31b26-edef-46ce-b406-6bb3b112026f|e04e9631-a9f1-4b95-9a3a-22a192e6686d|480267fc-1960-4e00-8f7e-65986dc8b9af|a9ab59ef-cb46-4191-96b1-c76dcc25c9ce|55254393-ed95-4905-9f6d-aa339a35ceb4|66580632-5e14-4e69-bd66-0001c137e231,7.1955|6.4847|5.6237|5.3917|5.2673|4.9241|4.9236|4.2805|4.1712|4.1503|3.6637|3.5007|3.5007|3.5007|3.2673|2.9740|1.8762|1.6483|1.2374|0.9841,8,
2025-10-30T05:39:11.635781,e34a300f-5748-4587-b8ee-e52506773866,2d1f518956cdc4b3cf6a9447714cfcd0,a39ac9d6-0cb7-4d8e-80a5-10e9edbc6587|5575947a-a35f-4e83-b5e7-a80663c18824|9ef6f800-c662-41a6-9e20-29a829f312c8|39f3cf55-5c5d-4a48-9fc1-6f10650dc787|03b01dbd-834f-4946-ba0b-ba82df22945f|585ea22f-18dc-4a00-91ea-8d6f3ede8e59|121f5c9d-4db6-4baf-8ea6-755bf38aeb73|22bbf3e2-c5d9-4a29-891a-53f80e5ad2a7|d4ee193e-664e-4ded-a917-79e01cd76cc6|b81f7999-b670-470b-9e00-d1945c5d88f2|e546ef1a-904c-4c3c-944c-d1f125f01323|7df5e49e-6e6e-4b15-b62f-54fa00d9d2f6|d041df21-252f-4bc2-8b6a-5eef5bf36de8|f07134aa-0cd4-4e0c-b700-666d5543e1e9|3cae2f27-b9be-4092-b621-cbfc4d817323|ef2116f2-d8ca-4910-8b54-74a9a1ac5048|1c1d8328-c6a4-48e9-ab7a-062c1834aa24|5eaf6fe6-03ff-4e4e-8a06-ccd918a0768c|8294aca2-eb38-4163-9ba9-c879c792cb21|865716c6-c436-4863-bbd1-8fef1780e123,5.5600|5.5576|5.5570|5.3522|4.8962|4.3050|3.5446|2.4104|0.2850|0.2850|0.2850|0.2850|0.2850|0.2850|-1.5616|-1.6593|-1.6593|-1.6593|-1.6593|-1.8190,8,
2025-10-30T05:39:23.256000,921895ac-5487-46ed-8b0e-eb22caf39be4,2d1f518956cdc4b3cf6a9447714cfcd0,9ef6f800-c662-41a6-9e20-29a829f312c8|a39ac9d6-0cb7-4d8e-80a5-10e9edbc6587|5575947a-a35f-4e83-b5e7-a80663c18824|39f3cf55-5c5d-4a48-9fc1-6f10650dc787|ca1f40ba-2a24-4228-a9a6-69f79c6d7a5b|cb1398a9-beec-46bc-ad02-b4c41fc89937|c6534df4-9309-406a-b42e-9c7c9863229d|610b9df2-998a-4f10-8459-1fb34110e387|295e7453-8be7-456c-9d84-ea79c4f71a05|2cf0b2c4-b9d6-4b6f-87b5-d09b1015e4e3|5e67d0b3-6020-4644-bde1-2cba8ff2f957|a9ab59ef-cb46-4191-96b1-c76dcc25c9ce|c8497f6a-618b-4378-be52-ed73b5470412|eba5b476-123d-4af2-81a9-0baabebcc82e|9d7a2fbe-1696-418c-b06a-7ec6d5341d6b|3e8488b2-28de-44ce-9a23-1248ff75f854|0e925730-8007-4872-9e93-f08dcc9eb734|6ac678fd-e79b-4270-aa61-0ec1fda93997|e68a78b6-7278-4f63-9a44-6e511d3a1d25|8201fe61-7969-4e71-b175-01e93cd9ff31,3.8955|3.8930|3.8807|3.8765|-0.0432|-2.1775|-3.3038|-3.3644|-3.3986|-4.1288|-4.3731|-4.4744|-4.5313|-5.3412|-5.3592|-5.3994|-5.5903|-6.7373|-6.8661|-7.1183,8,
2025-10-30T05:39:37.650050,2f40611e-ed00-4dba-b06a-cc73e84b562b,2d1f518956cdc4b3cf6a9447714cfcd0,9e0ebb4c-d794-466c-b4e8-88b04a2b8fa7|b022f3cc-e915-4539-b7d2-5603cae92cb3|486071cc-e4c9-4eba-9744-fd5208438cd2|c9ec6103-e572-4277-967f-823da3caa6c7|d5822128-9e70-4622-860c-4585a4f95bbb|94c8952b-e256-484e-a227-02d443346e53|749f5bb6-ca60-4bb5-a8e7-c5d13894dc29|121f5c9d-4db6-4baf-8ea6-755bf38aeb73|cb1398a9-beec-46bc-ad02-b4c41fc89937|3e848387-0ee3-4e10-b4a4-2990ff9aef0d|585ea22f-18dc-4a00-91ea-8d6f3ede8e59|39f3cf55-5c5d-4a48-9fc1-6f10650dc787|5575947a-a35f-4e83-b5e7-a80663c18824|a39ac9d6-0cb7-4d8e-80a5-10e9edbc6587|9ef6f800-c662-41a6-9e20-29a829f312c8|c8497f6a-618b-4378-be52-ed73b5470412|b976f14c-77ba-43d3-aeb6-2d0e9d47a12b|50054e5f-9020-42c0-849f-047b00d0d9bb|8201fe61-7969-4e71-b175-01e93cd9ff31|6837033e-76bb-4923-b7f4-495754218bcd,3.4917|2.8897|2.7798|2.7226|2.2007|1.6502|1.6239|1.4118|1.2901|1.0715|0.9609|0.6491|0.5707|0.5698|0.5618|0.3180|0.1458|0.1205|-1.1322|-2.5025,8,
2025-10-30T05:39:53.709566,770471a8-8d56-454a-af5a-030c9eb0fdef,2d1f518956cdc4b3cf6a9447714cfcd0,b9259d77-44a7-4728-9582-5d23eeaccd8d|1585b1b8-44dd-45b2-8008-a1f99498834a|6d4eec9e-09e8-43b1-ad89-a92a35eb996c|da3e6dbf-e52a-4699-a50d-214d08430766|4aaef718-5a88-4798-aff5-eeb2d6a00b49|9415844f-9000-43ed-b968-0783a1b96807|a8dc38f3-6aed-4587-9a57-f159ae428425|459fbec0-21a6-4979-82e1-4fac0d5c3689|37a0edb3-8649-49b7-ba6b-b5e2ce20481d|45b9275c-e3d5-4a6f-ab1c-c174c69de46f|6b16ac88-ec2a-48d1-8cc5-7c8b4d064b3e|d99ae475-87e6-4306-8ea3-055f10073292|be2d7c5b-d591-4db2-acc0-ad5def7b8d8d|edd7be7f-aec6-4804-be9d-5456edfbbb60|989c803b-306c-4ce9-87b9-9cb066b95ce6|c6993e1c-f1d7-4c1f-983b-a091cce0dd01|9a7ff5fd-fead-414c-be3b-33cb1fc681d6|69f3c262-e416-46b5-8639-c53c94d55930|f95ec112-feae-4dc6-b750-9df58548c3ab|e0c01d3b-4aca-41d3-aed5-117089200c02,5.3946|5.3945|5.3917|5.3862|5.3856|5.3773|5.3748|5.3724|5.3710|5.3702|5.3688|5.3688|5.3653|5.3650|5.2573|4.5037|3.7356|2.1939|-0.5995|-2.1559,8,
2025-10-30T05:40:06.477234,2568c188-817c-4850-b514-77ef89780c6b,74040f5628748874779838fa7a292b09,4cc6ad0b-5900-4ff1-99a7-48a1be07eb44|d5822128-9e70-4622-860c-4585a4f95bbb|46fc947e-9d90-435e-967a-92f1c5bf44ec|dda412bd-2663-4947-b1f6-658744c154e9|b976f14c-77ba-43d3-aeb6-2d0e9d47a12b|aa6d4a53-7be2-48fd-8d31-c776b7f4d056|749f5bb6-ca60-4bb5-a8e7-c5d13894dc29|a9ab59ef-cb46-4191-96b1-c76dcc25c9ce|f8eab2f8-4612-4c7f-85cb-27313a60a0c3|cb1398a9-beec-46bc-ad02-b4c41fc89937|1c5b4aaf-ee11-4c1d-be73-a48b37b5bcab|71f15e6c-294e-403f-a429-289ecd577f32|cb3662b9-2713-46ca-8146-e67289ac2106|c8497f6a-618b-4378-be52-ed73b5470412|6164a125-03eb-4fbb-aeb5-678b476a4968|f5194547-2516-46ac-8597-90a5c69e9cd1|d46e340f-80f7-489a-b4e8-e980d0460e78|fc642122-1a60-4a6f-8595-df706cb17b91|c4e1bff6-573c-4d9b-a621-58fa9c7d6a9e|b9363ffb-9612-4d8f-90b2-89437852b5b4,6.0985|5.3644|4.7817|4.7814|4.5044|4.3344|4.2509|3.8845|3.7699|3.5516|3.4340|3.3898|3.3386|3.2302|2.5122|2.4502|2.2341|2.2296|1.4590|-4.4319,8,
2025-10-30T05:40:19.897751,4b3910d9-e33d-4c36-92ae-dc0c55143c53,1e8e6c622bfb571b0b783d8347182318,b976f14c-77ba-43d3-aeb6-2d0e9d47a12b|749f5bb6-ca60-4bb5-a8e7-c5d13894dc29|d5822128-9e70-4622-860c-4585a4f95bbb|2be8db69-9495-4a92-8e8c-97e54729574e|954c15f1-899e-480f-bbc7-50644300a59e|909001d2-0ec5-454b-9aac-23b40a51aeaf|c4e1bff6-573c-4d9b-a621-58fa9c7d6a9e|03b01dbd-834f-4946-ba0b-ba82df22945f|ba6f2f9a-209f-448e-b039-1bd8b8d98fe3|f5194547-2516-46ac-8597-90a5c69e9cd1|c755b07d-f107-4fd0-bed0-6f02dfaeb94f|085e58f8-0ddd-4971-89f7-78bfd76c4f24|6dc23ced-a43f-46d3-a784-17b6e99dde70|395cea86-8625-491b-a106-305f68c768ba|18e2319e-49ab-41e6-a754-26c87eba8eb5|b34b8b09-9226-41b6-a6a2-5a9817019ed7|5bfbd8fa-61fe-46bc-b022-b27f705f469e|1778c2bd-7bee-4b85-b588-d2732555e7c7|669c0a28-aa91-4ae8-8334-b0e179aed113|e4fe9065-6e74-44be-ae80-9c838ee06806,5.5306|5.5049|4.9214|4.6694|4.3471|4.3423|4.2561|4.0202|3.4025|3.1121|2.9963|1.8970|1.4176|0.9327|0.9327|0.9327|-2.2810|-2.2810|-2.2810|-2.2810,8,
2025-10-30T05:40:34.941811,7f1091a2-06a2-472a-9d0b-c487d9781e9e,2d1f518956cdc4b3cf6a9447714cfcd0,459fbec0-21a6-4979-82e1-4fac0d5c3689|edd7be7f-aec6-4804-be9d-5456edfbbb60|45b9275c-e3d5-4a6f-ab1c-c174c69de46f|cb3662b9-2713-46ca-8146-e67289ac2106|6e30d2f9-e0d1-40b9-93f0-f5d668c6aaab|4359c1b4-d8b2-4ce5-85cd-4cfc08234c10|67bc49b4-f6c4-41a6-9578-05c37fd23267|120ce429-ef5c-4c9f-90bf-13dc84918418|456c77ce-ff38-43aa-9377-eb8c75366580|0e0d994f-f440-4389-8a3d-cdbaef1c01c3|a9ab59ef-cb46-4191-96b1-c76dcc25c9ce|f8d53319-46b2-4ed9-bff0-44f639786d8b|085ddb06-c0b1-47e6-b9f5-fd32bb63ab51|e04e9631-a9f1-4b95-9a3a-22a192e6686d|dda412bd-2663-4947-b1f6-658744c154e9|46fc947e-9d90-435e-967a-92f1c5bf44ec|8be31b26-edef-46ce-b406-6bb3b112026f|6dc23ced-a43f-46d3-a784-17b6e99dde70|2505e30f-39dc-4823-bfc3-7d63bf3562e4|55254393-ed95-4905-9f6d-aa339a35ceb4,7.5792|7.5782|7.5747|6.0490|4.1785|4.1751|4.1104|4.0874|3.6420|2.3453|2.3162|2.0259|1.9903|1.8699|1.5300|1.4625|1.4445|0.5899|0.5815|-1.2727,8,
2025-10-30T05:40:52.921210,1efc3d51-01ce-40e9-848c-e0b0b55cd8a5,2d1f518956cdc4b3cf6a9447714cfcd0,a39ac9d6-0cb7-4d8e-80a5-10e9edbc6587|5575947a-a35f-4e83-b5e7-a80663c18824|9ef6f800-c662-41a6-9e20-29a829f312c8|39f3cf55-5c5d-4a48-9fc1-6f10650dc787|585ea22f-18dc-4a00-91ea-8d6f3ede8e59|6164a125-03eb-4fbb-aeb5-678b476a4968|8e090215-a5fd-4fc5-9970-7f6383417ae5|0ac1b512-2891-4bb8-815e-4afbc79e7958|b022f3cc-e915-4539-b7d2-5603cae92cb3|03b01dbd-834f-4946-ba0b-ba82df22945f|909001d2-0ec5-454b-9aac-23b40a51aeaf|8201fe61-7969-4e71-b175-01e93cd9ff31|295e7453-8be7-456c-9d84-ea79c4f71a05|b81f7999-b670-470b-9e00-d1945c5d88f2|c8497f6a-618b-4378-be52-ed73b5470412|3e848387-0ee3-4e10-b4a4-2990ff9aef0d|61a68be8-56b1-4bfd-9b6d-963872c3ba42|9d7a2fbe-1696-418c-b06a-7ec6d5341d6b|f8eab2f8-4612-4c7f-85cb-27313a60a0c3|6837033e-76bb-4923-b7f4-495754218bcd,6.0012|6.0005|5.9984|5.9101|5.6612|4.9146|4.3315|4.3068|3.4028|2.9407|2.5478|2.3050|1.2649|1.1639|1.0259|0.8905|-0.1778|-0.5575|-0.9675|-3.5557,8,
2025-10-30T05:41:11.313719,87443eb8-254b-4ab2-ad84-a359f91d6174,2d1f518956cdc4b3cf6a9447714cfcd0,585ea22f-18dc-4a00-91ea-8d6f3ede8e59|80f551c4-6721-47f0-a775-129de5d2c478|c085b2a0-379e-4218-bc58-0bda92a8eefc|0ff2dd65-b7a6-4897-b497-a92c3f87ff48|39f3cf55-5c5d-4a48-9fc1-6f10650dc787|9ef6f800-c662-41a6-9e20-29a829f312c8|a39ac9d6-0cb7-4d8e-80a5-10e9edbc6587|5575947a-a35f-4e83-b5e7-a80663c18824|681c9da4-fd49-44e0-a62c-f2ba2b52fe47|2cf0b2c4-b9d6-4b6f-87b5-d09b1015e4e3|eba5b476-123d-4af2-81a9-0baabebcc82e|4cc6ad0b-5900-4ff1-99a7-48a1be07eb44|f42ef349-0de4-454c-adfe-dbd778d7e93c|c8497f6a-618b-4378-be52-ed73b5470412|295e7453-8be7-456c-9d84-ea79c4f71a05|5e67d0b3-6020-4644-bde1-2cba8ff2f957|cb1398a9-beec-46bc-ad02-b4c41fc89937|6837033e-76bb-4923-b7f4-495754218bcd|3e8488b2-28de-44ce-9a23-1248ff75f854|c4f7c7bb-3e22-454f-8f93-9f72731afb67,4.1137|4.0243|3.9843|3.9457|1.8076|1.7376|1.7373|1.7156|1.4098|0.0444|0.0344|-1.1726|-2.4996|-3.1168|-3.3465|-3.8550|-3.9890|-4.0586|-6.2918|-7.5110,8,
2025-10-30T05:41:22.658165,60dab21f-20e9-40eb-8afe-3eb70d328bb9,2d1f518956cdc4b3cf6a9447714cfcd0,5575947a-a35f-4e83-b5e7-a80663c18824|9ef6f800-c662-41a6-9e20-29a829f312c8|a39ac9d6-0cb7-4d8e-80a5-10e9edbc6587|39f3cf55-5c5d-4a48-9fc1-6f10650dc787|585ea22f-18dc-4a00-91ea-8d6f3ede8e59|c085b2a0-379e-4218-bc58-0bda92a8eefc|0ff2dd65-b7a6-4897-b497-a92c3f87ff48|80f551c4-6721-47f0-a775-129de5d2c478|d4ee193e-664e-4ded-a917-79e01cd76cc6|d041df21-252f-4bc2-8b6a-5eef5bf36de8|e546ef1a-904c-4c3c-944c-d1f125f01323|7df5e49e-6e6e-4b15-b62f-54fa00d9d2f6|b81f7999-b670-470b-9e00-d1945c5d88f2|f07134aa-0cd4-4e0c-b700-666d5543e1e9|121f5c9d-4db6-4baf-8ea6-755bf38aeb73|753ff2ec-48f0-4894-884c-7cdd0205ed37|0da8c0c4-b539-48ef-9ab9-7d3d19d9eddf|5a9f944c-12e2-4485-8d60-141c22258dab|750f01a5-527c-4138-8e83-e61781065ca6|c8497f6a-618b-4378-be52-ed73b5470412,4.4489|4.4479|4.4466|4.2203|4.1075|4.0988|4.0848|3.9404|1.4568|1.4568|1.4568|1.4568|1.4568|1.4568|0.3008|-2.3888|-2.5096|-2.5660|-2.5932|-3.1908,8,
2025-10-30T05:41:40.619878,ff1b6596-a801-417e-aa6b-5a7f8a5cc1e7,ea73ad6304ed438f7e7d4c59ddd227a1,bb2499c7-f7e3-4af6-9481-63623d92dc0e|0266aa73-f1b8-497f-8aff-9236f77977be|6f257004-aa37-41fb-aac2-02bbe9adb61c|75a550b7-b340-40e0-bc56-75c330e74f08|d5d24296-7da3-4a4f-8d3a-18d348e0201d|8ebd9b57-06c9-41b9-901f-579fecb48d2d|13d84409-1109-4091-81ae-bc5ec0e2ccd2|3ccc777a-2647-4979-b26b-ad9be7f72424|325db6a2-605d-4c1f-a0e6-0e9e4ab4c24c|c470ac3b-040e-4374-86d4-f6a31e8df00d|a4e66e81-91a6-4516-a4bb-4e29065f9a01|e5233d23-0cea-4a94-bdbb-fe306454042a|c7161c36-a1c1-41d9-bd9b-0f73bc5939b0|d47873c1-d28c-47e4-8f18-570c7c830d1f|f97a0162-5b05-4000-9067-e7e675bcb149|06219f32-3295-472d-919b-bf8057c0ea18|acb1efa9-b420-4886-839c-471e636b3e87|f4b4ead2-9b7f-4087-ad73-59366ea77314|b384e476-ef5c-4b4f-8883-b0da272e1f0e|b78eb7df-a71e-43d3-bc6b-046e3c29b65a,4.8555|4.5407|4.4903|4.3894|4.2741|4.2741|4.1892|4.1665|3.9544|3.9223|3.8170|3.0629|2.7179|2.3177|2.3058|1.8220|1.3358|1.1710|1.0283|0.9298,8,
2025-10-30T05:41:56.407336,e94e4728-e8ce-471f-ab37-9c5c3900133a,ea73ad6304ed438f7e7d4c59ddd227a1,3ccc777a-2647-4979-b26b-ad9be7f72424|a4e66e81-91a6-4516-a4bb-4e29065f9a01|c755b07d-f107-4fd0-bed0-6f02dfaeb94f|0b3181d1-6e57-4008-8785-f2c02136a29e|ba16b45f-d462-4d87-9fed-2c2ab8279222|2505e30f-39dc-4823-bfc3-7d63bf3562e4|899e6fea-6c84-4ba1-900a-a096ffcc632c|f97a0162-5b05-4000-9067-e7e675bcb149|c7161c36-a1c1-41d9-bd9b-0f73bc5939b0|b384e476-ef5c-4b4f-8883-b0da272e1f0e|0995e725-9892-4350-832e-5168f6ca8ccd|0f140218-d726-4063-a865-7bdf76f63071|08eb7da1-5c3b-4f6e-99cc-8ee87184d529|2f5fbff5-5586-4c09-aedf-553ba772b84b|2dfebe32-fbfe-4948-ba66-713384e91e80|6fa5f75d-8166-43ff-8f4c-ccf8c0da943e|c83bf927-c379-4c7f-8578-e92d31e6aaaa|acb1efa9-b420-4886-839c-471e636b3e87|fc52023b-bcda-427a-b9e5-d98b8d2ed2ed|877e730f-5d30-4d7f-8e70-04a90b719487,6.6798|5.5675|5.2844|5.1114|5.1097|4.3260|4.3109|3.8480|3.0751|2.3835|2.3554|2.2616|2.1496|2.1496|1.6710|1.5000|1.4029|1.3355|1.3355|0.9638,8,
2025-10-30T05:42:28.815712,a028b951-5861-4e3d-a535-fa99ea4ac836,74040f5628748874779838fa7a292b09,ad50046c-f2e5-486b-a12a-1a17c8b29f22|a5f252de-95f2-4727-9e80-f014a14d3a17|c1444a9c-47b1-4fb8-b7b9-08a009ebaeee|a76d480c-1ff1-4987-b75c-bcade20a7d76|dda412bd-2663-4947-b1f6-658744c154e9|46fc947e-9d90-435e-967a-92f1c5bf44ec|11d99915-62c6-4562-a823-b0028226f81a|df838a35-a7d7-46b8-be23-bec32252dab3|4b46abaa-ee9b-48b2-904d-590725595703|02a40c94-cf9a-4622-abc7-d80949fa5ab9|b38f1efc-fed3-49b0-a958-defe9a9c3921|9c2e09f6-92a6-407f-b649-88cf64654144|cb1398a9-beec-46bc-ad02-b4c41fc89937|cd06c2c2-a493-4062-9a6d-2b112fe1cbf1|8cfbe352-b71a-4072-835b-701989f55a76|cc3efad7-c3b0-46ad-af44-db0c20405c7e|6fdb9351-acbd-476b-925f-f888b1d506cf|9a3e2c30-9fe6-4593-bd66-8b5fb6880408|116126fb-5611-4064-b54b-fa5741c1cc70|99fe2e78-4206-4e49-a77b-a91f75e2cfbc,5.0902|4.7085|4.6805|4.6626|4.4623|4.4248|4.3121|3.7568|3.7568|3.7568|3.7568|3.7568|3.6488|2.6835|2.6835|2.0378|1.8095|1.3775|-0.5137|-0.6358,8,
2025-10-30T05:42:54.591346,2f9e36d2-b08c-49ff-93b2-d515cd7119f9,74040f5628748874779838fa7a292b09,4dfe74a0-5bce-4708-b4e0-0d924ebf8694|e1ffa6af-de31-45b5-a59f-3e1efc556c0e|f0ca9974-9dd9-496a-9bd1-831efe8a4396|03b01dbd-834f-4946-ba0b-ba82df22945f|f592cd85-9636-465f-8738-9a5344111a43|4cc2ed84-3b24-45ba-99ea-3ac1ad943220|68577401-2f77-4c0c-b247-322c5bf3fe47|f66bec27-eb21-449a-9516-eacf58466126|fc642122-1a60-4a6f-8595-df706cb17b91|c6534df4-9309-406a-b42e-9c7c9863229d|3ccc777a-2647-4979-b26b-ad9be7f72424|0d51879e-52a6-4e49-b0bd-01ea5d4146b2|cfa68116-064b-48b1-a7d5-0634c3b55576|38ce6feb-c4a8-4755-8468-41a85469a517|b384e476-ef5c-4b4f-8883-b0da272e1f0e|456c77ce-ff38-43aa-9377-eb8c75366580|c4e1bff6-573c-4d9b-a621-58fa9c7d6a9e|a4e66e81-91a6-4516-a4bb-4e29065f9a01|6ac678fd-e79b-4270-aa61-0ec1fda93997|f97a0162-5b05-4000-9067-e7e675bcb149,5.5695|4.6227|4.6159|3.2469|3.0809|3.0809|3.0809|3.0809|2.9667|2.9390|2.4107|2.2363|1.9552|1.7983|1.3149|1.3117|1.1819|0.2315|-0.3012|-0.5615,8,
2025-10-30T05:43:11.794123,229a462c-ffa9-4523-aac7-3ab2553d72b1,74040f5628748874779838fa7a292b09,54426756-448d-4bd9-8e4f-8e4557df47f2|93e9b5cd-3726-4d40-b452-c0a665cfd5ac|cb1398a9-beec-46bc-ad02-b4c41fc89937|085ddb06-c0b1-47e6-b9f5-fd32bb63ab51|24421ff6-a9dc-4acc-af1f-1628006e3af7|9088ce76-eb00-481b-b7d6-ac4da8ceb7da|4c582511-3638-4ba7-87da-6cd6e2265ef8|4daf3c46-807c-4898-8e69-f9e88f4398c8|c970c90d-0762-45de-915c-03cc19bf0f88|dda412bd-2663-4947-b1f6-658744c154e9|6fdb9351-acbd-476b-925f-f888b1d506cf|46fc947e-9d90-435e-967a-92f1c5bf44ec|df838a35-a7d7-46b8-be23-bec32252dab3|b38f1efc-fed3-49b0-a958-defe9a9c3921|4b46abaa-ee9b-48b2-904d-590725595703|9c2e09f6-92a6-407f-b649-88cf64654144|02a40c94-cf9a-4622-abc7-d80949fa5ab9|aa6d4a53-7be2-48fd-8d31-c776b7f4d056|123ba775-6b4c-4f88-a34b-ec16797e60f1|c1444a9c-47b1-4fb8-b7b9-08a009ebaeee,7.3626|6.7756|6.2222|6.0168|5.9923|5.9923|5.9923|5.9923|5.9923|5.8807|5.8256|5.8076|5.5441|5.5441|5.5441|5.5441|5.5441|4.9367|4.1714|4.0044,8,
2025-10-30T05:43:28.676219,60b138f4-d043-4f55-8319-a0eb853a65d9,74040f5628748874779838fa7a292b09,e1ffa6af-de31-45b5-a59f-3e1efc556c0e|f7aea945-c392-42df-a180-81575f8ba787|4aa82637-5a73-4f36-af1e-d802c9e69542|7e262130-c6de-4b07-86e2-effd98c4f233|f0ca9974-9dd9-496a-9bd1-831efe8a4396|a4bc096a-9371-4fbc-98ed-1cda5cecf003|59b25f63-b051-4510-aa5d-a1c2da21d836|fc642122-1a60-4a6f-8595-df706cb17b91|d032252c-fefd-4e6c-920a-fee9101f31e6|ba6f2f9a-209f-448e-b039-1bd8b8d98fe3|03b01dbd-834f-4946-ba0b-ba82df22945f|085e58f8-0ddd-4971-89f7-78bfd76c4f24|395cea86-8625-491b-a106-305f68c768ba|18e2319e-49ab-41e6-a754-26c87eba8eb5|b34b8b09-9226-41b6-a6a2-5a9817019ed7|4359c1b4-d8b2-4ce5-85cd-4cfc08234c10|5359020d-481a-40b5-8e2f-922101f118e7|917efded-c6d5-4927-89bb-4ec96ffa47a4|c06b5a53-bbf7-475b-935a-700dfb86e60c|07a4b6f9-133f-4387-8901-f5c0b5ee32c7,8.0342|6.9099|6.1746|5.2825|4.9433|4.5210|4.2441|3.2602|3.1709|2.7089|2.3482|0.8771|0.0866|0.0866|0.0866|0.0254|-0.8737|-0.9447|-0.9447|-1.3969,8,
2025-10-30T05:43:40.253316,812bc8a4-2306-48fd-ae80-c4b29253f44f,74040f5628748874779838fa7a292b09,9088ce76-eb00-481b-b7d6-ac4da8ceb7da|24421ff6-a9dc-4acc-af1f-1628006e3af7|4c582511-3638-4ba7-87da-6cd6e2265ef8|4daf3c46-807c-4898-8e69-f9e88f4398c8|c970c90d-0762-45de-915c-03cc19bf0f88|456c77ce-ff38-43aa-9377-eb8c75366580|085ddb06-c0b1-47e6-b9f5-fd32bb63ab51|cb3662b9-2713-46ca-8146-e67289ac2106|dda412bd-2663-4947-b1f6-658744c154e9|cc3efad7-c3b0-46ad-af44-db0c20405c7e|46fc947e-9d90-435e-967a-92f1c5bf44ec|c755b07d-f107-4fd0-bed0-6f02dfaeb94f|8cfbe352-b71a-4072-835b-701989f55a76|cd06c2c2-a493-4062-9a6d-2b112fe1cbf1|6fdb9351-acbd-476b-925f-f888b1d506cf|df838a35-a7d7-46b8-be23-bec32252dab3|02a40c94-cf9a-4622-abc7-d80949fa5ab9|b38f1efc-fed3-49b0-a958-defe9a9c3921|9c2e09f6-92a6-407f-b649-88cf64654144|4b46abaa-ee9b-48b2-904d-590725595703,6.3657|6.3657|6.3657|6.3657|6.3657|6.0783|5.7922|5.6942|5.6864|5.6178|5.6096|4.8509|4.6247|4.6247|4.1398|2.5179|2.5179|2.5179|2.5179|2.5179,8,
2025-10-30T05:43:56.969066,249385b1-a820-47b6-8ff2-f98f342b5a85,74040f5628748874779838fa7a292b09,94c8952b-e256-484e-a227-02d443346e53|cb1398a9-beec-46bc-ad02-b4c41fc89937|3fb64b6d-aa05-4783-ad40-2d6bd17f95eb|ba6f2f9a-209f-448e-b039-1bd8b8d98fe3|03b01dbd-834f-4946-ba0b-ba82df22945f|f5194547-2516-46ac-8597-90a5c69e9cd1|d032252c-fefd-4e6c-920a-fee9101f31e6|dda412bd-2663-4947-b1f6-658744c154e9|46fc947e-9d90-435e-967a-92f1c5bf44ec|9a7ff5fd-fead-414c-be3b-33cb1fc681d6|085ddb06-c0b1-47e6-b9f5-fd32bb63ab51|e51fcccc-0f59-423d-bafe-0833c9ae0651|df838a35-a7d7-46b8-be23-bec32252dab3|9c2e09f6-92a6-407f-b649-88cf64654144|b38f1efc-fed3-49b0-a958-defe9a9c3921|02a40c94-cf9a-4622-abc7-d80949fa5ab9|4b46abaa-ee9b-48b2-904d-590725595703|c60a339a-f951-4383-a6ba-cf546f8a01d5|c4f7c7bb-3e22-454f-8f93-9f72731afb67|ad50046c-f2e5-486b-a12a-1a17c8b29f22,2.4497|1.8824|1.7821|1.7269|1.3995|0.3769|0.0300|-0.3595|-1.0372|-1.1415|-2.0151|-2.7635|-3.3364|-3.3364|-3.3364|-3.3364|-3.3364|-3.4142|-3.9341|-4.8079,8,
2025-10-30T05:44:09.153083,b18342a0-d973-47d8-8a95-fb7bdcf07592,ea73ad6304ed438f7e7d4c59ddd227a1,2505e30f-39dc-4823-bfc3-7d63bf3562e4|68fcf0ed-9906-4c30-8fd6-202f912910a5|b384e476-ef5c-4b4f-8883-b0da272e1f0e|2cef05e2-4ed3-404d-a067-3153e035f9ea|d47873c1-d28c-47e4-8f18-570c7c830d1f|a4e66e81-91a6-4516-a4bb-4e29065f9a01|5bd4fee8-4c7c-4d4c-8fee-ca17f8295d66|b78eb7df-a71e-43d3-bc6b-046e3c29b65a|596e4eb2-eda1-475f-a367-33b83821a12d|0f6271be-f511-4e22-972c-a9c34d4eceb1|e9b41244-6171-4d76-b6ba-521882926252|fbd222ef-02f4-4055-aa95-d88cc4ee8d39|6fa5f75d-8166-43ff-8f4c-ccf8c0da943e|0995e725-9892-4350-832e-5168f6ca8ccd|fc52023b-bcda-427a-b9e5-d98b8d2ed2ed|acb1efa9-b420-4886-839c-471e636b3e87|8ebd9b57-06c9-41b9-901f-579fecb48d2d|d5d24296-7da3-4a4f-8d3a-18d348e0201d|b6b686b8-54af-4fac-b41a-f7a668f80c7e|108e8700-ea90-41f3-92a7-9e640ed3c723,4.6585|3.6253|2.9121|2.8636|1.2196|1.0108|0.6711|0.5745|0.5379|0.5345|0.3538|0.3401|0.3102|-0.0220|-0.1477|-0.1477|-0.9306|-0.9306|-1.7287|-2.2287,8,
2025-10-30T05:44:24.954331,2ac03539-8d53-42f0-a1c4-af5e9bd4e9cf,74040f5628748874779838fa7a292b09,2cef05e2-4ed3-404d-a067-3153e035f9ea|17e6c952-caca-467c-9e8f-77f08fcefa52|cfa68116-064b-48b1-a7d5-0634c3b55576|03b01dbd-834f-4946-ba0b-ba82df22945f|6f257004-aa37-41fb-aac2-02bbe9adb61c|5c857f48-d2a7-49d9-bc55-367b64461c7f|a4e66e81-91a6-4516-a4bb-4e29065f9a01|968dd056-3fbd-417d-a690-f4dd244e717d|2505e30f-39dc-4823-bfc3-7d63bf3562e4|c7161c36-a1c1-41d9-bd9b-0f73bc5939b0|b384e476-ef5c-4b4f-8883-b0da272e1f0e|6e3c9aac-8423-40e0-8dfe-8270955c300c|2dfebe32-fbfe-4948-ba66-713384e91e80|b78eb7df-a71e-43d3-bc6b-046e3c29b65a|6fa5f75d-8166-43ff-8f4c-ccf8c0da943e|fbd222ef-02f4-4055-aa95-d88cc4ee8d39|e9b41244-6171-4d76-b6ba-521882926252|0995e725-9892-4350-832e-5168f6ca8ccd|acb1efa9-b420-4886-839c-471e636b3e87|fc52023b-bcda-427a-b9e5-d98b8d2ed2ed,7.5850|5.0885|4.9045|4.5158|4.2446|4.0827|3.5248|3.4372|3.2377|2.7704|2.4672|1.1947|0.9422|0.7543|-0.3143|-0.3545|-0.4588|-1.2427|-1.3426|-1.3426,8,
2025-10-30T05:44:37.572313,4364d544-69d6-4c4f-8ddb-702a78bde746,74040f5628748874779838fa7a292b09,bb2cff91-f625-49cd-9947-dcc074ca9594|749f5bb6-ca60-4bb5-a8e7-c5d13894dc29|aa6d4a53-7be2-48fd-8d31-c776b7f4d056|d5822128-9e70-4622-860c-4585a4f95bbb|71f15e6c-294e-403f-a429-289ecd577f32|e90228ce-d670-44c1-9323-088808925bde|f3fd5fe2-923d-413f-b2d4-9ed977b50008|70f44d27-9832-4c6a-8c27-2886fd1ce052|2bfea1f3-d3f2-48f6-b8e9-850dd7a4dbbd|068009ee-c277-4645-bb9e-bec19b910069|0abf0296-aff8-4773-aadc-5c06f22a1530|a8d82019-c90f-49d4-b9e3-f0d5dfac7f6f|eb523a1c-19ca-43b4-b549-359c6808de2f|b976f14c-77ba-43d3-aeb6-2d0e9d47a12b|c755b07d-f107-4fd0-bed0-6f02dfaeb94f|ca1f40ba-2a24-4228-a9a6-69f79c6d7a5b|cb1398a9-beec-46bc-ad02-b4c41fc89937|7e73d042-592a-4e59-83dd-4d34879324aa|6fdb9351-acbd-476b-925f-f888b1d506cf|f5194547-2516-46ac-8597-90a5c69e9cd1,6.9634|6.6803|6.4306|6.3483|6.2029|5.9412|5.8915|5.8915|5.8915|5.8915|5.8915|5.8915|5.8915|5.6986|5.2617|5.1457|4.4747|3.9859|2.5303|0.3741,8,
2025-10-30T05:44:55.707758,a330a8f5-ced9-48d9-928d-701427346f3b,a3aa8203ae0398a1ef263322bcadebc3,35c019f1-5655-4599-9132-4c233974efb4|2cf0b2c4-b9d6-4b6f-87b5-d09b1015e4e3|116126fb-5611-4064-b54b-fa5741c1cc70|99fe2e78-4206-4e49-a77b-a91f75e2cfbc|e0c01d3b-4aca-41d3-aed5-117089200c02,6.5527|3.4930|2.7060|2.6035|-5.7293,8,
2025-10-30T05:45:09.354847,5c04f8b9-bca4-4e0e-9e7f-6151a047e49a,a3aa8203ae0398a1ef263322bcadebc3,fdd5ed35-e6b0-41f1-b426-ee00fcf48a23,0.3749,8,
2025-10-30T05:45:22.861560,1137dbde-37a5-494b-8b1b-9795fe8ab9ce,74040f5628748874779838fa7a292b09,aa6d4a53-7be2-48fd-8d31-c776b7f4d056|cb1398a9-beec-46bc-ad02-b4c41fc89937|c755b07d-f107-4fd0-bed0-6f02dfaeb94f|8be31b26-edef-46ce-b406-6bb3b112026f|e04e9631-a9f1-4b95-9a3a-22a192e6686d|eba5b476-123d-4af2-81a9-0baabebcc82e|2cf0b2c4-b9d6-4b6f-87b5-d09b1015e4e3|e90228ce-d670-44c1-9323-088808925bde|6fdb9351-acbd-476b-925f-f888b1d506cf|6dc23ced-a43f-46d3-a784-17b6e99dde70|a43b0510-e1d3-4d56-81b4-f6be6a394fea|66580632-5e14-4e69-bd66-0001c137e231|a5f252de-95f2-4727-9e80-f014a14d3a17|c1444a9c-47b1-4fb8-b7b9-08a009ebaeee|11d99915-62c6-4562-a823-b0028226f81a|116126fb-5611-4064-b54b-fa5741c1cc70|0995e725-9892-4350-832e-5168f6ca8ccd|99fe2e78-4206-4e49-a77b-a91f75e2cfbc|ad50046c-f2e5-486b-a12a-1a17c8b29f22|9a3e2c30-9fe6-4593-bd66-8b5fb6880408,3.7347|3.4833|2.8717|2.6961|2.2889|2.2560|1.3681|-0.0880|-0.5838|-0.8870|-1.1587|-1.5601|-1.9627|-2.0176|-2.0393|-2.0411|-2.0731|-2.1962|-2.2108|-2.2370,8,
2025-10-30T05:45:44.040899,1aae1bab-6820-4024-ae03-989d7f28dee2,74040f5628748874779838fa7a292b09,03b01dbd-834f-4946-ba0b-ba82df22945f|f5194547-2516-46ac-8597-90a5c69e9cd1|6c7bc5ef-6e61-4030-9955-570fb53ad42b|8c72feb8-74f7-47a5-aed9-89c5ccfe03d7|3b7dffd0-0f01-4e49-8188-9e2bf69c1ac0|5cc11985-79f7-4f27-88e2-2a846909b029|de3d4e2e-8eff-4918-88ae-ba22a0b9cff9|d9e86204-928b-410b-bb26-025294e4edff|7df5e49e-6e6e-4b15-b62f-54fa00d9d2f6|d041df21-252f-4bc2-8b6a-5eef5bf36de8|f07134aa-0cd4-4e0c-b700-666d5543e1e9|d4ee193e-664e-4ded-a917-79e01cd76cc6|e546ef1a-904c-4c3c-944c-d1f125f01323|b81f7999-b670-470b-9e00-d1945c5d88f2|ada79dbe-aa00-4ee9-94a4-1bbafa0b3043|00178846-7aac-4881-b9ca-27677adbf833|d0748bcf-9d06-4da8-b794-256a565e32ef|1b3a05f8-a26b-4417-ac95-0f84fe173730|3cae2f27-b9be-4092-b621-cbfc4d817323|718b1a58-9245-451d-9559-f8d95c4b9d01,5.5094|4.3939|0.5620|0.5620|0.5620|0.5620|0.5620|0.5620|-0.1662|-0.1662|-0.1662|-0.1662|-0.1662|-0.1662|-0.7124|-0.7124|-0.7124|-0.7124|-2.7652|-2.7652,8,
2025-10-30T05:46:02.739683,0c1616f5-75fe-41b6-9cd8-404d7b7bfc6d,a3aa8203ae0398a1ef263322bcadebc3,1ef5967d-2da4-4b66-81ea-7b20455e98f5|ef0a19c1-59f3-429d-a52a-8248d0ca2498|753a6dc9-1640-468e-b80d-e7fabf765452|295e7453-8be7-456c-9d84-ea79c4f71a05|610b9df2-998a-4f10-8459-1fb34110e387|2cf0b2c4-b9d6-4b6f-87b5-d09b1015e4e3|99fe2e78-4206-4e49-a77b-a91f75e2cfbc|116126fb-5611-4064-b54b-fa5741c1cc70|fb5a923d-ee99-429c-91f9-70a354287ea7|94c8952b-e256-484e-a227-02d443346e53|6837033e-76bb-4923-b7f4-495754218bcd|cb1398a9-beec-46bc-ad02-b4c41fc89937|6ac678fd-e79b-4270-aa61-0ec1fda93997|c8497f6a-618b-4378-be52-ed73b5470412|91985ce3-6119-4ea7-a001-3bc373784848|df838a35-a7d7-46b8-be23-bec32252dab3|b38f1efc-fed3-49b0-a958-defe9a9c3921|4b46abaa-ee9b-48b2-904d-590725595703|02a40c94-cf9a-4622-abc7-d80949fa5ab9|9c2e09f6-92a6-407f-b649-88cf64654144,4.3533|4.2895|3.7322|3.4376|2.6357|2.5978|1.3720|1.3649|0.8023|0.6038|0.4778|0.2279|-1.5412|-2.0888|-2.2152|-2.8031|-2.8031|-2.8031|-2.8031|-2.8031,8,
2025-10-30T05:46:20.979952,a38bcb3e-2c34-4ebe-9343-70c3799dea23,a3aa8203ae0398a1ef263322bcadebc3,753a6dc9-1640-468e-b80d-e7fabf765452|610b9df2-998a-4f10-8459-1fb34110e387,3.7472|0.2629,8,
2025-10-30T05:46:37.032176,197851e3-450a-402c-b35c-2db2f51aea80,a3aa8203ae0398a1ef263322bcadebc3,f42ef349-0de4-454c-adfe-dbd778d7e93c|2cf0b2c4-b9d6-4b6f-87b5-d09b1015e4e3|bb2cff91-f625-49cd-9947-dcc074ca9594|38ce6feb-c4a8-4755-8468-41a85469a517|35c019f1-5655-4599-9132-4c233974efb4|cfa68116-064b-48b1-a7d5-0634c3b55576|cb1398a9-beec-46bc-ad02-b4c41fc89937|c6534df4-9309-406a-b42e-9c7c9863229d|c0aa053a-a790-4218-bedf-cc81915ab9a4|df838a35-a7d7-46b8-be23-bec32252dab3|02a40c94-cf9a-4622-abc7-d80949fa5ab9|b38f1efc-fed3-49b0-a958-defe9a9c3921|4b46abaa-ee9b-48b2-904d-590725595703|a5074479-8358-40c0-9ad9-b43b909a858b|c4f7c7bb-3e22-454f-8f93-9f72731afb67|176261f8-cb2b-4a95-bb29-f9e9e5212563|126d8c03-3224-4302-8752-c2e8ca360fed|dc126cc1-e38e-4e1b-8022-4444aded6e87|0a9f0454-3137-4c42-9f94-7f73a3a5bde8|986c11a6-4198-4f22-8865-0315406c7f1b,7.0117|6.9729|5.5071|5.4779|5.4281|4.8440|4.7970|3.8826|2.9957|1.4803|1.4803|1.4803|1.4803|0.8968|-0.7740|-3.3865|-3.3865|-3.3865|-3.3865|-3.3865,8,
2025-10-30T05:47:03.090088,f5bfb965-93c9-465b-8609-9c3e327896e8,74040f5628748874779838fa7a292b09,03b01dbd-834f-4946-ba0b-ba82df22945f|f5194547-2516-46ac-8597-90a5c69e9cd1|cb2c7546-6478-47cc-b882-ca62ad587f99|298fd76c-7e59-4c0a-b199-13e1d23c00e6|a65e2d41-c79e-44f2-927f-f3ff58c7742e|49a505a1-f7ee-4af3-b045-dc59e97bf446|b81f7999-b670-470b-9e00-d1945c5d88f2|e546ef1a-904c-4c3c-944c-d1f125f01323|f07134aa-0cd4-4e0c-b700-666d5543e1e9|d4ee193e-664e-4ded-a917-79e01cd76cc6|d041df21-252f-4bc2-8b6a-5eef5bf36de8|7df5e49e-6e6e-4b15-b62f-54fa00d9d2f6|05f16f83-fb4f-4e8c-9a9d-3f44fed91f40|f1bd5c4b-a79b-4cc7-a3ea-9ca43f41043b|3cae2f27-b9be-4092-b621-cbfc4d817323|718b1a58-9245-451d-9559-f8d95c4b9d01|cc2b34fe-6450-4874-82e2-9577c15bfb84|179c5486-ad6c-4979-a72e-cba80cccb695|01bdc406-5447-494f-9b04-a270409951d0|85af61b6-ebb5-4ad8-855d-c6f77ba3e473,5.4655|3.7932|1.9333|1.3671|0.8033|-0.2122|-0.5228|-0.5228|-0.5228|-0.5228|-0.5228|-0.5228|-2.7813|-2.9353|-3.0165|-3.0165|-3.3813|-4.1601|-4.3802|-4.5253,8,
2025-10-30T05:47:17.340368,2b0aedd0-3805-492c-aa29-1e391b9de082,a3aa8203ae0398a1ef263322bcadebc3,480267fc-1960-4e00-8f7e-65986dc8b9af|cb1398a9-beec-46bc-ad02-b4c41fc89937|2f5fbff5-5586-4c09-aedf-553ba772b84b|08eb7da1-5c3b-4f6e-99cc-8ee87184d529|0995e725-9892-4350-832e-5168f6ca8ccd|6fa5f75d-8166-43ff-8f4c-ccf8c0da943e|acb1efa9-b420-4886-839c-471e636b3e87|fc52023b-bcda-427a-b9e5-d98b8d2ed2ed|0f140218-d726-4063-a865-7bdf76f63071|2dfebe32-fbfe-4948-ba66-713384e91e80|e0c01d3b-4aca-41d3-aed5-117089200c02|4ba3ee3e-27f3-42a9-abd0-6d852f7592f5|877e730f-5d30-4d7f-8e70-04a90b719487|25ff0840-3e9d-44b9-81b4-5afb7f06e977|807b28b5-b348-4149-abc7-b7e165942c02|182d3053-b068-42c6-8b06-e716b1d07e79|8094b06c-4bac-4b99-ab01-712d3f03fa36|7be2e64c-f9d2-4acf-9ca3-3d17d03a8f38|049b9f13-d777-4c14-bcb3-86c18d3776cb|8be31b26-edef-46ce-b406-6bb3b112026f,5.0668|0.1076|-0.0563|-0.0563|-1.1473|-1.3335|-1.5180|-1.5180|-1.6723|-1.6933|-1.7835|-1.8647|-2.5255|-3.0485|-4.1394|-4.1394|-4.1394|-4.1394|-4.1394|-5.8004,8,
2025-10-30T05:47:30.966747,470abcef-5fb4-4f5c-a1d3-25938d6cb5de,ea73ad6304ed438f7e7d4c59ddd227a1,71cd5278-fdac-4d0a-9b09-b888e49e704e|b373f6f8-c09b-44bf-ab02-925d139e6b6e|13077c9d-f3b0-43cb-a344-8558f9cf1e19|1d9cbd5a-5c92-4aec-8bb1-99a45e6c9c71|cea578b9-255e-4efb-9fb5-01fe6a3f549a|99fe2e78-4206-4e49-a77b-a91f75e2cfbc|f8ccb52a-7a5e-4d0b-aa87-128257e4a528|2cf0b2c4-b9d6-4b6f-87b5-d09b1015e4e3|909001d2-0ec5-454b-9aac-23b40a51aeaf|cb1398a9-beec-46bc-ad02-b4c41fc89937|0f140218-d726-4063-a865-7bdf76f63071|7356a648-338d-4b8b-88b5-1bdc3c6bf129|dc126cc1-e38e-4e1b-8022-4444aded6e87|176261f8-cb2b-4a95-bb29-f9e9e5212563|126d8c03-3224-4302-8752-c2e8ca360fed|0a9f0454-3137-4c42-9f94-7f73a3a5bde8|986c11a6-4198-4f22-8865-0315406c7f1b|4ba3ee3e-27f3-42a9-abd0-6d852f7592f5|b488bc09-c77e-4793-b758-7489674f8ecc|a5074479-8358-40c0-9ad9-b43b909a858b,5.2158|4.3284|4.3284|3.6473|3.0956|2.9824|2.9496|2.8285|2.5426|-1.5704|-3.3498|-3.8864|-4.1055|-4.1055|-4.1055|-4.1055|-4.1055|-4.9910|-5.2375|-5.2755,8,
2025-10-30T05:47:46.159061,8693f5e0-d03e-4ac6-8c1a-d7f35922fc65,ea73ad6304ed438f7e7d4c59ddd227a1,ac1ef92e-e069-45e6-9e91-3f4dd60c67c5|325db6a2-605d-4c1f-a0e6-0e9e4ab4c24c|d5822128-9e70-4622-860c-4585a4f95bbb|4cc6ad0b-5900-4ff1-99a7-48a1be07eb44|17e6c952-caca-467c-9e8f-77f08fcefa52|6ac678fd-e79b-4270-aa61-0ec1fda93997|eba5b476-123d-4af2-81a9-0baabebcc82e|c6534df4-9309-406a-b42e-9c7c9863229d|f97a0162-5b05-4000-9067-e7e675bcb149|c755b07d-f107-4fd0-bed0-6f02dfaeb94f|c4e1bff6-573c-4d9b-a621-58fa9c7d6a9e|c60a339a-f951-4383-a6ba-cf546f8a01d5|3fb64b6d-aa05-4783-ad40-2d6bd17f95eb|06219f32-3295-472d-919b-bf8057c0ea18|f4b4ead2-9b7f-4087-ad73-59366ea77314|176261f8-cb2b-4a95-bb29-f9e9e5212563|986c11a6-4198-4f22-8865-0315406c7f1b|0a9f0454-3137-4c42-9f94-7f73a3a5bde8|126d8c03-3224-4302-8752-c2e8ca360fed|dc126cc1-e38e-4e1b-8022-4444aded6e87,4.2514|2.9332|1.9085|1.5498|1.2951|1.1804|1.1138|0.5968|-0.3674|-0.4131|-0.4513|-3.4436|-3.7821|-4.0354|-4.4438|-4.8169|-4.8169|-4.8169|-4.8169|-4.8169,8,
2025-10-30T05:47:57.837929,e4fe4250-08d4-458b-b8f0-39db937417ae,ea73ad6304ed438f7e7d4c59ddd227a1,ab2d5185-90f7-4098-aabc-1ce8bcf492cb|13077c9d-f3b0-43cb-a344-8558f9cf1e19|b373f6f8-c09b-44bf-ab02-925d139e6b6e|06a70843-eada-4a2e-a859-0063c16f6a91|fb35c04a-3916-4619-8e30-71dadb174fd9|1b4b818a-4036-4ff3-ae56-aed5bec44c86|8201fe61-7969-4e71-b175-01e93cd9ff31|bc937229-65f9-4978-8c22-02f83c0a61a6|71cd5278-fdac-4d0a-9b09-b888e49e704e|f8ccb52a-7a5e-4d0b-aa87-128257e4a528|355b13a4-7909-4ebd-91f5-fa5a1260cec8|176261f8-cb2b-4a95-bb29-f9e9e5212563|126d8c03-3224-4302-8752-c2e8ca360fed|dc126cc1-e38e-4e1b-8022-4444aded6e87|986c11a6-4198-4f22-8865-0315406c7f1b|0a9f0454-3137-4c42-9f94-7f73a3a5bde8|f8eab2f8-4612-4c7f-85cb-27313a60a0c3|aa6d4a53-7be2-48fd-8d31-c776b7f4d056|6ac678fd-e79b-4270-aa61-0ec1fda93997|cb1398a9-beec-46bc-ad02-b4c41fc89937,6.1143|5.8251|5.8251|5.7196|5.6658|5.6540|3.9496|3.3009|3.2445|2.8426|2.6476|2.1327|2.1327|2.1327|2.1327|2.1327|1.9143|1.4857|-1.9172|-2.9501,8,
2025-10-30T05:48:16.069797,9df38547-1bb1-4b5d-ad0b-2a6117d84e7e,1e8e6c622bfb571b0b783d8347182318,56566a15-94dc-494f-be3a-055f5dcec876|e0fd26bb-b5fa-479d-bf14-0d7faccfc6ea|38ce6feb-c4a8-4755-8468-41a85469a517|f8eab2f8-4612-4c7f-85cb-27313a60a0c3|53159f00-8036-411d-89e1-9e6e77380839|c6534df4-9309-406a-b42e-9c7c9863229d|6bd54d49-8105-4325-b0dc-44b2562b4478|bd033ab7-2145-465c-bbb8-4e98192f3162|71f15e6c-294e-403f-a429-289ecd577f32|4cc6ad0b-5900-4ff1-99a7-48a1be07eb44|1c5b4aaf-ee11-4c1d-be73-a48b37b5bcab|7356a648-338d-4b8b-88b5-1bdc3c6bf129|b373f6f8-c09b-44bf-ab02-925d139e6b6e|13077c9d-f3b0-43cb-a344-8558f9cf1e19|71cd5278-fdac-4d0a-9b09-b888e49e704e|dc126cc1-e38e-4e1b-8022-4444aded6e87|986c11a6-4198-4f22-8865-0315406c7f1b|0a9f0454-3137-4c42-9f94-7f73a3a5bde8|126d8c03-3224-4302-8752-c2e8ca360fed|176261f8-cb2b-4a95-bb29-f9e9e5212563,1.9447|1.8077|1.0430|0.8988|0.6009|0.4357|0.4129|0.3939|-0.5606|-0.7263|-0.8784|-1.9675|-3.7777|-3.7777|-4.9313|-7.6831|-7.6831|-7.6831|-7.6831|-7.6831,8,
2025-10-30T05:48:32.560952,70866dfb-6506-4f66-8dd9-428f5a4fc66b,ea73ad6304ed438f7e7d4c59ddd227a1,faadfd4a-dcbe-4a34-9fa8-b9695dfb5cdb|9ef604f4-cccf-45c2-9bbc-e2fe6666baed|64b80f3e-d85c-41d1-b0ca-f89e696f4a73|968dd056-3fbd-417d-a690-f4dd244e717d|4cc6ad0b-5900-4ff1-99a7-48a1be07eb44|2cf0b2c4-b9d6-4b6f-87b5-d09b1015e4e3|6e25ed4d-0a30-4019-8989-f417cb2f1d3e|9f095f73-5866-4f6a-8433-189cbf912c59|025e5e1d-cf06-4d4f-be3d-c97274933d4d|ce214af1-4ef3-4b25-9082-31e2d2b73804|c6534df4-9309-406a-b42e-9c7c9863229d|38ce6feb-c4a8-4755-8468-41a85469a517|f4b4ead2-9b7f-4087-ad73-59366ea77314|a5074479-8358-40c0-9ad9-b43b909a858b|dc126cc1-e38e-4e1b-8022-4444aded6e87|986c11a6-4198-4f22-8865-0315406c7f1b|126d8c03-3224-4302-8752-c2e8ca360fed|0a9f0454-3137-4c42-9f94-7f73a3a5bde8|cb1398a9-beec-46bc-ad02-b4c41fc89937|e68a78b6-7278-4f63-9a44-6e511d3a1d25,6.6880|4.8312|4.4850|4.2318|3.6913|2.6557|2.2916|2.2782|2.2165|1.9452|1.8823|1.4978|1.1233|1.0550|0.8044|0.8044|0.8044|0.8044|0.6760|-6.3147,8,
2025-10-30T05:48:46.685868,4f539f46-75bc-46b6-abf2-c3fdf4ac9d6a,74040f5628748874779838fa7a292b09,749f5bb6-ca60-4bb5-a8e7-c5d13894dc29|2be8db69-9495-4a92-8e8c-97e54729574e|58ec9711-3a8b-4e84-ae16-fe9d7e7fbf78|bc84a57a-d9bf-41e7-812e-a0d9915b2a4a|f2980ad6-a046-4c57-9533-b8627a40758d|cb3662b9-2713-46ca-8146-e67289ac2106|94ceabdd-0ac2-4994-9e41-5108d2805d45|eaccc198-6742-45da-9e89-39ed4c07d26a|03b01dbd-834f-4946-ba0b-ba82df22945f|355b13a4-7909-4ebd-91f5-fa5a1260cec8|ba6f2f9a-209f-448e-b039-1bd8b8d98fe3|6dc23ced-a43f-46d3-a784-17b6e99dde70|d032252c-fefd-4e6c-920a-fee9101f31e6|cc3efad7-c3b0-46ad-af44-db0c20405c7e|bc937229-65f9-4978-8c22-02f83c0a61a6|f8ccb52a-7a5e-4d0b-aa87-128257e4a528|71cd5278-fdac-4d0a-9b09-b888e49e704e|18e2319e-49ab-41e6-a754-26c87eba8eb5|395cea86-8625-491b-a106-305f68c768ba|b34b8b09-9226-41b6-a6a2-5a9817019ed7,7.5307|7.0573|6.3604|6.2455|6.1227|5.9935|5.8184|5.7784|5.7306|5.5947|5.3554|5.3194|4.8462|4.7413|4.0014|3.9862|3.4441|0.6026|0.6026|0.6026,8,
2025-10-30T05:49:05.563556,64ac4823-40c3-46ea-959c-587e64bdbafb,ea73ad6304ed438f7e7d4c59ddd227a1,f95957d6-7db9-440d-9ed8-2bafe88c7fed|789787a6-b439-48f5-a5f3-63cd7b3eceaa|94ceabdd-0ac2-4994-9e41-5108d2805d45|6164a125-03eb-4fbb-aeb5-678b476a4968|a1443ef3-e2e7-46f0-854c-83f9d2d53a60|749f5bb6-ca60-4bb5-a8e7-c5d13894dc29|1f3aa306-9769-4f20-aa8e-db8fad61a53f|4cc6ad0b-5900-4ff1-99a7-48a1be07eb44|d5822128-9e70-4622-860c-4585a4f95bbb|71f15e6c-294e-403f-a429-289ecd577f32|2be8db69-9495-4a92-8e8c-97e54729574e|06a70843-eada-4a2e-a859-0063c16f6a91|3e26daaa-5bfb-4dae-89a7-64a5b859bccc|fc642122-1a60-4a6f-8595-df706cb17b91|ab2d5185-90f7-4098-aabc-1ce8bcf492cb|1b4b818a-4036-4ff3-ae56-aed5bec44c86|b976f14c-77ba-43d3-aeb6-2d0e9d47a12b|fb35c04a-3916-4619-8e30-71dadb174fd9|aa6d4a53-7be2-48fd-8d31-c776b7f4d056|d46e340f-80f7-489a-b4e8-e980d0460e78,6.3340|4.7393|3.5964|3.5019|2.8248|2.7972|2.6649|2.6403|2.4648|1.7944|1.7076|0.4264|0.2106|0.1269|-0.0094|-0.0116|-0.2699|-0.4800|-0.5734|-1.3408,8,
2025-10-30T05:49:20.376442,57ae25e9-3a7d-46e2-9f66-c406c6c3d47c,ea73ad6304ed438f7e7d4c59ddd227a1,1c5b4aaf-ee11-4c1d-be73-a48b37b5bcab|ae62c36d-3643-4164-a017-a10736e31665|45be78b6-8971-481f-ae40-2c0d58eb9fa0|71f15e6c-294e-403f-a429-289ecd577f32|cb3662b9-2713-46ca-8146-e67289ac2106|f7aea945-c392-42df-a180-81575f8ba787|f8eab2f8-4612-4c7f-85cb-27313a60a0c3|f2980ad6-a046-4c57-9533-b8627a40758d|ef0a19c1-59f3-429d-a52a-8248d0ca2498|9d7a2fbe-1696-418c-b06a-7ec6d5341d6b|f0291e66-a9b5-4290-a164-1469d455ee00|d0831ebd-8edd-4663-99f4-802052e659b7|6164a125-03eb-4fbb-aeb5-678b476a4968|8abbfb78-5c04-41de-83c7-c933d969f14a|fc5478c8-9d11-474b-aa9a-d18463f8c2b5|29a4f328-2cfa-4eda-9446-0a669dff6b74|8be31b26-edef-46ce-b406-6bb3b112026f|e04e9631-a9f1-4b95-9a3a-22a192e6686d|718b1a58-9245-451d-9559-f8d95c4b9d01|3cae2f27-b9be-4092-b621-cbfc4d817323,5.4257|2.9145|1.7611|1.1137|0.5221|0.2395|-0.0967|-1.1254|-1.9395|-2.1991|-2.4099|-2.4099|-2.4500|-3.0537|-5.1544|-5.2467|-5.8494|-6.1716|-7.5686|-7.5686,8,
2025-10-30T05:49:33.949296,819f4b7d-8858-4332-9d4d-ebcde78e42f6,74040f5628748874779838fa7a292b09,71f15e6c-294e-403f-a429-289ecd577f32|749f5bb6-ca60-4bb5-a8e7-c5d13894dc29|d5822128-9e70-4622-860c-4585a4f95bbb|4408f7c8-bd18-4fb5-ab65-b1e6c8fd6e26|f2980ad6-a046-4c57-9533-b8627a40758d|aa6d4a53-7be2-48fd-8d31-c776b7f4d056|909001d2-0ec5-454b-9aac-23b40a51aeaf|c4e1bff6-573c-4d9b-a621-58fa9c7d6a9e|f8ccb52a-7a5e-4d0b-aa87-128257e4a528|cb3662b9-2713-46ca-8146-e67289ac2106|03b01dbd-834f-4946-ba0b-ba82df22945f|8201fe61-7969-4e71-b175-01e93cd9ff31|71cd5278-fdac-4d0a-9b09-b888e49e704e|0995e725-9892-4350-832e-5168f6ca8ccd|116126fb-5611-4064-b54b-fa5741c1cc70|df838a35-a7d7-46b8-be23-bec32252dab3|9c2e09f6-92a6-407f-b649-88cf64654144|b38f1efc-fed3-49b0-a958-defe9a9c3921|4b46abaa-ee9b-48b2-904d-590725595703|02a40c94-cf9a-4622-abc7-d80949fa5ab9,4.7813|4.7097|4.5881|4.2553|3.9416|3.4119|3.2488|2.9925|2.4536|1.2222|-0.0275|-0.7767|-1.1534|-1.6350|-1.9680|-5.2955|-5.2955|-5.2955|-5.2955|-5.2955,8,
2025-10-30T05:49:58.581826,9f612078-3e29-40b3-a278-fd09a78da52e,ea73ad6304ed438f7e7d4c59ddd227a1,20b1b7f0-9776-494a-899f-7493aeaeeebd|2037c3fb-a9fc-4f5d-bf09-02dfd89b9874|c7161c36-a1c1-41d9-bd9b-0f73bc5939b0|47b4411d-6317-473f-8f17-0fecaf0161dc|6b583577-d52d-4cea-aed0-1cb813841084|8abbfb78-5c04-41de-83c7-c933d969f14a|d2f45737-0bcf-423c-85ed-63b7304cdfee|81ca3ef5-9a01-4046-aa8b-8d68dbebec1f|8201fe61-7969-4e71-b175-01e93cd9ff31|6e3c9aac-8423-40e0-8dfe-8270955c300c|b78eb7df-a71e-43d3-bc6b-046e3c29b65a|596e4eb2-eda1-475f-a367-33b83821a12d|5bd4fee8-4c7c-4d4c-8fee-ca17f8295d66|2dfebe32-fbfe-4948-ba66-713384e91e80|6fa5f75d-8166-43ff-8f4c-ccf8c0da943e|acb1efa9-b420-4886-839c-471e636b3e87|fc52023b-bcda-427a-b9e5-d98b8d2ed2ed|e9b41244-6171-4d76-b6ba-521882926252|0995e725-9892-4350-832e-5168f6ca8ccd|fbd222ef-02f4-4055-aa95-d88cc4ee8d39,6.7557|5.9664|5.4674|5.3731|5.1873|4.6907|4.1552|4.1249|3.1794|1.1707|1.0096|0.2148|-1.3156|-1.5956|-1.7524|-1.7641|-1.7641|-1.7699|-1.7851|-1.8258,8,
2025-10-30T13:02:48.889772,f65027ff-609d-4a29-b813-e65082da93d5,ea73ad6304ed438f7e7d4c59ddd227a1,ea73ad6304ed438f7e7d4c59ddd227a1:114|ea73ad6304ed438f7e7d4c59ddd227a1:117|ea73ad6304ed438f7e7d4c59ddd227a1:118|ea73ad6304ed438f7e7d4c59ddd227a1:113|ea73ad6304ed438f7e7d4c59ddd227a1:122|ea73ad6304ed438f7e7d4c59ddd227a1:120|ea73ad6304ed438f7e7d4c59ddd227a1:126|ea73ad6304ed438f7e7d4c59ddd227a1:146|ea73ad6304ed438f7e7d4c59ddd227a1:211|ea73ad6304ed438f7e7d4c59ddd227a1:155|ea73ad6304ed438f7e7d4c59ddd227a1:154|ea73ad6304ed438f7e7d4c59ddd227a1:153|ea73ad6304ed438f7e7d4c59ddd227a1:127|ea73ad6304ed438f7e7d4c59ddd227a1:166|ea73ad6304ed438f7e7d4c59ddd227a1:128|ea73ad6304ed438f7e7d4c59ddd227a1:144|ea73ad6304ed438f7e7d4c59ddd227a1:145|ea73ad6304ed438f7e7d4c59ddd227a1:129|ea73ad6304ed438f7e7d4c59ddd227a1:130|ea73ad6304ed438f7e7d4c59ddd227a1:132,6.7557|5.9664|5.4674|5.3731|5.1873|4.6907|4.1552|4.1249|3.1794|1.1707|1.0096|0.2148|-1.3156|-1.5956|-1.7524|-1.7641|-1.7641|-1.7699|-1.7851|-1.8258,8,
2025-10-30T13:07:22.772232,da95e726-bd17-4ac1-8867-393af2fde6cf,ea73ad6304ed438f7e7d4c59ddd227a1,ea73ad6304ed438f7e7d4c59ddd227a1:114|ea73ad6304ed438f7e7d4c59ddd227a1:117|ea73ad6304ed438f7e7d4c59ddd227a1:118|ea73ad6304ed438f7e7d4c59ddd227a1:113|ea73ad6304ed438f7e7d4c59ddd227a1:122|ea73ad6304ed438f7e7d4c59ddd227a1:120|ea73ad6304ed438f7e7d4c59ddd227a1:126|ea73ad6304ed438f7e7d4c59ddd227a1:146|ea73ad6304ed438f7e7d4c59ddd227a1:211|ea73ad6304ed438f7e7d4c59ddd227a1:155|ea73ad6304ed438f7e7d4c59ddd227a1:154|ea73ad6304ed438f7e7d4c59ddd227a1:153|ea73ad6304ed438f7e7d4c59ddd227a1:127|ea73ad6304ed438f7e7d4c59ddd227a1:166|ea73ad6304ed438f7e7d4c59ddd227a1:128|ea73ad6304ed438f7e7d4c59ddd227a1:144|ea73ad6304ed438f7e7d4c59ddd227a1:145|ea73ad6304ed438f7e7d4c59ddd227a1:129|ea73ad6304ed438f7e7d4c59ddd227a1:130|ea73ad6304ed438f7e7d4c59ddd227a1:132,6.7557|5.9664|5.4674|5.3731|5.1873|4.6907|4.1552|4.1249|3.1794|1.1707|1.0096|0.2148|-1.3156|-1.5956|-1.7524|-1.7641|-1.7641|-1.7699|-1.7851|-1.8258,8,
2025-10-30T13:18:04.510998,554bf4f5-6c5e-4e9a-985f-57b1cc727aba,ea73ad6304ed438f7e7d4c59ddd227a1,ea73ad6304ed438f7e7d4c59ddd227a1:114|ea73ad6304ed438f7e7d4c59ddd227a1:117|ea73ad6304ed438f7e7d4c59ddd227a1:118|ea73ad6304ed438f7e7d4c59ddd227a1:113|ea73ad6304ed438f7e7d4c59ddd227a1:122|ea73ad6304ed438f7e7d4c59ddd227a1:120|ea73ad6304ed438f7e7d4c59ddd227a1:126|ea73ad6304ed438f7e7d4c59ddd227a1:146|ea73ad6304ed438f7e7d4c59ddd227a1:211|ea73ad6304ed438f7e7d4c59ddd227a1:155|ea73ad6304ed438f7e7d4c59ddd227a1:154|ea73ad6304ed438f7e7d4c59ddd227a1:153|ea73ad6304ed438f7e7d4c59ddd227a1:127|ea73ad6304ed438f7e7d4c59ddd227a1:166|ea73ad6304ed438f7e7d4c59ddd227a1:128|ea73ad6304ed438f7e7d4c59ddd227a1:144|ea73ad6304ed438f7e7d4c59ddd227a1:145|ea73ad6304ed438f7e7d4c59ddd227a1:129|ea73ad6304ed438f7e7d4c59ddd227a1:130|ea73ad6304ed438f7e7d4c59ddd227a1:132,6.7557|5.9664|5.4674|5.3731|5.1873|4.6907|4.1552|4.1249|3.1794|1.1707|1.0096|0.2148|-1.3156|-1.5956|-1.7524|-1.7641|-1.7641|-1.7699|-1.7851|-1.8258,8,
2025-10-30T13:22:55.481994,2b4a3940-5dd7-41ac-a7e5-4ca27bdae6b7,ea73ad6304ed438f7e7d4c59ddd227a1,ea73ad6304ed438f7e7d4c59ddd227a1:114|ea73ad6304ed438f7e7d4c59ddd227a1:117|ea73ad6304ed438f7e7d4c59ddd227a1:118|ea73ad6304ed438f7e7d4c59ddd227a1:113|ea73ad6304ed438f7e7d4c59ddd227a1:122|ea73ad6304ed438f7e7d4c59ddd227a1:120|ea73ad6304ed438f7e7d4c59ddd227a1:126|ea73ad6304ed438f7e7d4c59ddd227a1:146|ea73ad6304ed438f7e7d4c59ddd227a1:211|ea73ad6304ed438f7e7d4c59ddd227a1:155|ea73ad6304ed438f7e7d4c59ddd227a1:154|ea73ad6304ed438f7e7d4c59ddd227a1:153|ea73ad6304ed438f7e7d4c59ddd227a1:127|ea73ad6304ed438f7e7d4c59ddd227a1:166|ea73ad6304ed438f7e7d4c59ddd227a1:128|ea73ad6304ed438f7e7d4c59ddd227a1:144|ea73ad6304ed438f7e7d4c59ddd227a1:145|ea73ad6304ed438f7e7d4c59ddd227a1:129|ea73ad6304ed438f7e7d4c59ddd227a1:130|ea73ad6304ed438f7e7d4c59ddd227a1:132,6.7557|5.9664|5.4674|5.3731|5.1873|4.6907|4.1552|4.1249|3.1794|1.1707|1.0096|0.2148|-1.3156|-1.5956|-1.7524|-1.7641|-1.7641|-1.7699|-1.7851|-1.8258,8,
2025-10-30T13:43:37.064551,aa439f92-91ff-45cb-9260-8702f8ec37c0,ea73ad6304ed438f7e7d4c59ddd227a1,ea73ad6304ed438f7e7d4c59ddd227a1:114|ea73ad6304ed438f7e7d4c59ddd227a1:117|ea73ad6304ed438f7e7d4c59ddd227a1:118|ea73ad6304ed438f7e7d4c59ddd227a1:113|ea73ad6304ed438f7e7d4c59ddd227a1:122|ea73ad6304ed438f7e7d4c59ddd227a1:120|ea73ad6304ed438f7e7d4c59ddd227a1:126|ea73ad6304ed438f7e7d4c59ddd227a1:146|ea73ad6304ed438f7e7d4c59ddd227a1:211|ea73ad6304ed438f7e7d4c59ddd227a1:155|ea73ad6304ed438f7e7d4c59ddd227a1:154|ea73ad6304ed438f7e7d4c59ddd227a1:153|ea73ad6304ed438f7e7d4c59ddd227a1:127|ea73ad6304ed438f7e7d4c59ddd227a1:166|ea73ad6304ed438f7e7d4c59ddd227a1:128|ea73ad6304ed438f7e7d4c59ddd227a1:144|ea73ad6304ed438f7e7d4c59ddd227a1:145|ea73ad6304ed438f7e7d4c59ddd227a1:129|ea73ad6304ed438f7e7d4c59ddd227a1:130|ea73ad6304ed438f7e7d4c59ddd227a1:132,6.7557|5.9664|5.4674|5.3731|5.1873|4.6907|4.1552|4.1249|3.1794|1.1707|1.0096|0.2148|-1.3156|-1.5956|-1.7524|-1.7641|-1.7641|-1.7699|-1.7851|-1.8258,8,
2025-10-30T13:44:00.244742,ec553f22-33ad-4b35-9ec4-a05bc5e4c11e,ea73ad6304ed438f7e7d4c59ddd227a1,ea73ad6304ed438f7e7d4c59ddd227a1:114|ea73ad6304ed438f7e7d4c59ddd227a1:117|ea73ad6304ed438f7e7d4c59ddd227a1:118|ea73ad6304ed438f7e7d4c59ddd227a1:113|ea73ad6304ed438f7e7d4c59ddd227a1:122|ea73ad6304ed438f7e7d4c59ddd227a1:120|ea73ad6304ed438f7e7d4c59ddd227a1:126|ea73ad6304ed438f7e7d4c59ddd227a1:146|ea73ad6304ed438f7e7d4c59ddd227a1:211|ea73ad6304ed438f7e7d4c59ddd227a1:155|ea73ad6304ed438f7e7d4c59ddd227a1:154|ea73ad6304ed438f7e7d4c59ddd227a1:153|ea73ad6304ed438f7e7d4c59ddd227a1:127|ea73ad6304ed438f7e7d4c59ddd227a1:166|ea73ad6304ed438f7e7d4c59ddd227a1:128|ea73ad6304ed438f7e7d4c59ddd227a1:144|ea73ad6304ed438f7e7d4c59ddd227a1:145|ea73ad6304ed438f7e7d4c59ddd227a1:129|ea73ad6304ed438f7e7d4c59ddd227a1:130|ea73ad6304ed438f7e7d4c59ddd227a1:132,6.7557|5.9664|5.4674|5.3731|5.1873|4.6907|4.1552|4.1249|3.1794|1.1707|1.0096|0.2148|-1.3156|-1.5956|-1.7524|-1.7641|-1.7641|-1.7699|-1.7851|-1.8258,8,
2025-11-05T00:33:37.265852,3490eb80-1c3f-4f74-aa7a-f25f805c3b5b,a3aa8203ae0398a1ef263322bcadebc3,a3aa8203ae0398a1ef263322bcadebc3:17|a3aa8203ae0398a1ef263322bcadebc3:28|a3aa8203ae0398a1ef263322bcadebc3:11|a3aa8203ae0398a1ef263322bcadebc3:43|a3aa8203ae0398a1ef263322bcadebc3:8|a3aa8203ae0398a1ef263322bcadebc3:15|a3aa8203ae0398a1ef263322bcadebc3:39|a3aa8203ae0398a1ef263322bcadebc3:34|a3aa8203ae0398a1ef263322bcadebc3:42|a3aa8203ae0398a1ef263322bcadebc3:37|a3aa8203ae0398a1ef263322bcadebc3:13|a3aa8203ae0398a1ef263322bcadebc3:40|a3aa8203ae0398a1ef263322bcadebc3:10,-1.5808|-1.8887|-2.6419|-3.6626|-3.8628|-4.3426|-4.5298|-4.8793|-5.4947|-6.2134|-6.2683|-6.2774|-7.2911,8,
2025-11-05T00:48:57.702393,91920f73-169b-4a74-ae95-dc91e7077509,a3aa8203ae0398a1ef263322bcadebc3,a3aa8203ae0398a1ef263322bcadebc3:11|a3aa8203ae0398a1ef263322bcadebc3:10|74040f5628748874779838fa7a292b09:28|a3aa8203ae0398a1ef263322bcadebc3:8|74040f5628748874779838fa7a292b09:82|ea73ad6304ed438f7e7d4c59ddd227a1:211|1e8e6c622bfb571b0b783d8347182318:12|74040f5628748874779838fa7a292b09:29|74040f5628748874779838fa7a292b09:33|74040f5628748874779838fa7a292b09:88|74040f5628748874779838fa7a292b09:8|ea73ad6304ed438f7e7d4c59ddd227a1:11|74040f5628748874779838fa7a292b09:5|1e8e6c622bfb571b0b783d8347182318:114|74040f5628748874779838fa7a292b09:89|74040f5628748874779838fa7a292b09:83|74040f5628748874779838fa7a292b09:35|1e8e6c622bfb571b0b783d8347182318:111|1e8e6c622bfb571b0b783d8347182318:13|1e8e6c622bfb571b0b783d8347182318:14,2.0474|1.8864|1.6259|0.8449|0.6833|0.3372|0.2368|0.0827|-0.4151|-0.4909|-0.6747|-0.7690|-0.8052|-1.1036|-1.4103|-2.2254|-2.3098|-2.4737|-3.1656|-5.7771,8,
2025-11-05T00:51:07.783427,35692426-201e-4c4c-bace-a346c50964fc,1e8e6c622bfb571b0b783d8347182318,1e8e6c622bfb571b0b783d8347182318:104|1e8e6c622bfb571b0b783d8347182318:90|1e8e6c622bfb571b0b783d8347182318:114|1e8e6c622bfb571b0b783d8347182318:136|1e8e6c622bfb571b0b783d8347182318:74|1e8e6c622bfb571b0b783d8347182318:95|1e8e6c622bfb571b0b783d8347182318:115|1e8e6c622bfb571b0b783d8347182318:45|1e8e6c622bfb571b0b783d8347182318:48|1e8e6c622bfb571b0b783d8347182318:101|1e8e6c622bfb571b0b783d8347182318:96|1e8e6c622bfb571b0b783d8347182318:111|1e8e6c622bfb571b0b783d8347182318:105|1e8e6c622bfb571b0b783d8347182318:127|1e8e6c622bfb571b0b783d8347182318:102|1e8e6c622bfb571b0b783d8347182318:81|1e8e6c622bfb571b0b783d8347182318:72|1e8e6c622bfb571b0b783d8347182318:75|a3aa8203ae0398a1ef263322bcadebc3:11|1e8e6c622bfb571b0b783d8347182318:32,6.3451|4.6560|4.0160|3.5752|3.3530|3.3530|3.3530|3.3530|3.3530|3.2983|3.1658|3.0819|2.6592|2.2123|1.8232|0.9174|0.6993|-1.4890|-2.6419|-4.1415,8,
2025-11-05T00:53:00.565884,957dc633-a7d4-4c1e-8f8f-ec28140907de,a3aa8203ae0398a1ef263322bcadebc3,a3aa8203ae0398a1ef263322bcadebc3:11|a3aa8203ae0398a1ef263322bcadebc3:10|74040f5628748874779838fa7a292b09:28|a3aa8203ae0398a1ef263322bcadebc3:8|74040f5628748874779838fa7a292b09:82|ea73ad6304ed438f7e7d4c59ddd227a1:211|1e8e6c622bfb571b0b783d8347182318:12|74040f5628748874779838fa7a292b09:29|74040f5628748874779838fa7a292b09:33|74040f5628748874779838fa7a292b09:88|74040f5628748874779838fa7a292b09:8|ea73ad6304ed438f7e7d4c59ddd227a1:11|74040f5628748874779838fa7a292b09:5|1e8e6c622bfb571b0b783d8347182318:114|74040f5628748874779838fa7a292b09:89|74040f5628748874779838fa7a292b09:83|74040f5628748874779838fa7a292b09:35|1e8e6c622bfb571b0b783d8347182318:111|1e8e6c622bfb571b0b783d8347182318:13|1e8e6c622bfb571b0b783d8347182318:14,2.0474|1.8864|1.6259|0.8449|0.6833|0.3372|0.2368|0.0827|-0.4151|-0.4909|-0.6747|-0.7690|-0.8052|-1.1036|-1.4103|-2.2254|-2.3098|-2.4737|-3.1656|-5.7771,8,
2025-11-05T00:53:41.969918,22e8428e-065e-4a33-a9d0-2c6d78901541,1e8e6c622bfb571b0b783d8347182318,1e8e6c622bfb571b0b783d8347182318:123|1e8e6c622bfb571b0b783d8347182318:117|74040f5628748874779838fa7a292b09:95|ea73ad6304ed438f7e7d4c59ddd227a1:22|1e8e6c622bfb571b0b783d8347182318:80|1e8e6c622bfb571b0b783d8347182318:105|ea73ad6304ed438f7e7d4c59ddd227a1:232|1e8e6c622bfb571b0b783d8347182318:91|ea73ad6304ed438f7e7d4c59ddd227a1:113|ea73ad6304ed438f7e7d4c59ddd227a1:118|74040f5628748874779838fa7a292b09:9|ea73ad6304ed438f7e7d4c59ddd227a1:38|ea73ad6304ed438f7e7d4c59ddd227a1:211|ea73ad6304ed438f7e7d4c59ddd227a1:141|ea73ad6304ed438f7e7d4c59ddd227a1:226|74040f5628748874779838fa7a292b09:61|ea73ad6304ed438f7e7d4c59ddd227a1:166|ea73ad6304ed438f7e7d4c59ddd227a1:130|ea73ad6304ed438f7e7d4c59ddd227a1:170|ea73ad6304ed438f7e7d4c59ddd227a1:172,5.3584|4.1872|4.1361|3.6236|3.5854|3.3975|3.1695|3.0038|2.4440|2.4365|2.0798|2.0123|1.3452|0.9761|0.3609|-0.0270|-0.5673|-1.6558|-1.9365|-1.9365,8,
2025-11-05T01:00:27.340146,bd27f290-b699-468b-921c-35da712523b0,1e8e6c622bfb571b0b783d8347182318,1e8e6c622bfb571b0b783d8347182318:123|1e8e6c622bfb571b0b783d8347182318:117|74040f5628748874779838fa7a292b09:95|ea73ad6304ed438f7e7d4c59ddd227a1:22|1e8e6c622bfb571b0b783d8347182318:80|1e8e6c622bfb571b0b783d8347182318:105|ea73ad6304ed438f7e7d4c59ddd227a1:232|1e8e6c622bfb571b0b783d8347182318:91|ea73ad6304ed438f7e7d4c59ddd227a1:113|ea73ad6304ed438f7e7d4c59ddd227a1:118|74040f5628748874779838fa7a292b09:9|ea73ad6304ed438f7e7d4c59ddd227a1:38|ea73ad6304ed438f7e7d4c59ddd227a1:211|ea73ad6304ed438f7e7d4c59ddd227a1:141|ea73ad6304ed438f7e7d4c59ddd227a1:226|74040f5628748874779838fa7a292b09:61|ea73ad6304ed438f7e7d4c59ddd227a1:166|ea73ad6304ed438f7e7d4c59ddd227a1:130|ea73ad6304ed438f7e7d4c59ddd227a1:170|ea73ad6304ed438f7e7d4c59ddd227a1:172,5.3584|4.1872|4.1361|3.6236|3.5854|3.3975|3.1695|3.0038|2.4440|2.4365|2.0798|2.0123|1.3452|0.9761|0.3609|-0.0270|-0.5673|-1.6558|-1.9365|-1.9365,8,
2025-11-05T01:02:23.283546,25c78c53-77b1-4006-8027-b58a5a9026a2,1e8e6c622bfb571b0b783d8347182318,1e8e6c622bfb571b0b783d8347182318:32|1e8e6c622bfb571b0b783d8347182318:22|1e8e6c622bfb571b0b783d8347182318:25|a3aa8203ae0398a1ef263322bcadebc3:33|1e8e6c622bfb571b0b783d8347182318:31|a3aa8203ae0398a1ef263322bcadebc3:32|a3aa8203ae0398a1ef263322bcadebc3:34|1e8e6c622bfb571b0b783d8347182318:23|74040f5628748874779838fa7a292b09:5|1e8e6c622bfb571b0b783d8347182318:130|1e8e6c622bfb571b0b783d8347182318:81|74040f5628748874779838fa7a292b09:98|74040f5628748874779838fa7a292b09:99|74040f5628748874779838fa7a292b09:97|1e8e6c622bfb571b0b783d8347182318:117|74040f5628748874779838fa7a292b09:35|74040f5628748874779838fa7a292b09:89|a3aa8203ae0398a1ef263322bcadebc3:44|1e8e6c622bfb571b0b783d8347182318:80|ea73ad6304ed438f7e7d4c59ddd227a1:165,3.8769|3.1516|2.7162|2.4525|2.0861|1.4281|0.9918|0.4745|0.4238|0.4191|0.3422|0.1351|-0.1245|-0.3787|-0.7047|-1.2394|-1.4243|-1.7360|-2.1613|-3.3660,8,
2025-11-05T15:01:48.464138,1b7271f6-293c-4e0a-810e-d571ac19e830,1e8e6c622bfb571b0b783d8347182318,1e8e6c622bfb571b0b783d8347182318:32|1e8e6c622bfb571b0b783d8347182318:22|1e8e6c622bfb571b0b783d8347182318:25|a3aa8203ae0398a1ef263322bcadebc3:33|1e8e6c622bfb571b0b783d8347182318:31|a3aa8203ae0398a1ef263322bcadebc3:32|a3aa8203ae0398a1ef263322bcadebc3:34|1e8e6c622bfb571b0b783d8347182318:23|74040f5628748874779838fa7a292b09:5|1e8e6c622bfb571b0b783d8347182318:130|1e8e6c622bfb571b0b783d8347182318:81|74040f5628748874779838fa7a292b09:98|74040f5628748874779838fa7a292b09:99|74040f5628748874779838fa7a292b09:97|1e8e6c622bfb571b0b783d8347182318:117|74040f5628748874779838fa7a292b09:35|74040f5628748874779838fa7a292b09:89|a3aa8203ae0398a1ef263322bcadebc3:44|1e8e6c622bfb571b0b783d8347182318:80|ea73ad6304ed438f7e7d4c59ddd227a1:165,3.8769|3.1516|2.7162|2.4525|2.0861|1.4281|0.9918|0.4745|0.4238|0.4191|0.3422|0.1351|-0.1245|-0.3787|-0.7047|-1.2394|-1.4243|-1.7360|-2.1613|-3.3660,8,
